2011,1,3,9,30,17.02,17.01,1698634
2011,1,3,15,59,17.25,17.24,1119385
2011,1,4,9,30,17.39,17.37,1198850
2011,1,4,15,59,17.36,17.38,1178152
2011,1,5,9,30,17.31,17.33,686272
2011,1,5,15,59,17.90,17.89,925293
2011,1,6,9,30,18.03,18.03,993521
2011,1,6,15,59,18.23,18.23,653908
2011,1,7,9,30,18.42,18.37,1106128
2011,1,7,15,59,18.23,18.27,1222560
2011,1,10,9,30,18.43,18.37,1215531
2011,1,10,15,59,18.30,18.31,1045508
2011,1,11,9,30,18.48,18.41,974883
2011,1,11,15,59,18.30,18.28,743226
2011,1,12,9,30,18.36,18.39,734281
2011,1,12,15,59,18.73,18.73,730597
2011,1,13,9,30,18.81,18.79,1369662
2011,1,13,15,59,18.70,18.68,1039378
2011,1,14,9,30,18.61,18.59,900052
2011,1,14,15,59,18.66,18.66,545395
2011,1,18,9,30,18.66,18.68,964167
2011,1,18,15,59,18.71,18.70,409965
2011,1,19,9,30,18.71,18.71,658620
2011,1,19,15,59,17.90,17.91,874537
2011,1,20,9,30,17.76,17.44,3270358
2011,1,20,15,59,17.76,17.76,745451
2011,1,21,9,30,17.99,17.98,2725493
2011,1,21,15,59,17.91,17.95,769879
2011,1,24,9,30,18.02,17.95,1063727
2011,1,24,15,59,17.92,17.92,627630
2011,1,25,9,30,17.86,17.86,646591
2011,1,25,15,59,17.89,17.88,576961
2011,1,26,9,30,17.97,17.96,594023
2011,1,26,15,59,18.37,18.36,968281
2011,1,27,9,30,18.52,18.49,929807
2011,1,27,15,59,18.83,18.81,850525
2011,1,28,9,30,17.79,17.77,4491325
2011,1,28,15,59,16.25,16.26,3018698
2011,1,31,9,30,16.56,16.51,4513292
2011,1,31,15,59,15.93,15.93,1896851
2011,2,1,9,30,16.15,16.13,3042735
2011,2,1,15,59,15.91,15.90,2084450
2011,2,2,9,30,15.91,15.98,1262201
2011,2,2,15,59,15.39,15.41,1471145
2011,2,3,9,30,15.36,15.42,2080449
2011,2,3,15,59,15.75,15.78,2485495
2011,2,4,9,30,15.91,15.85,2063804
2011,2,4,15,59,15.75,15.73,1162829
2011,2,7,9,30,15.84,15.82,1836069
2011,2,7,15,59,16.10,16.11,1084547
2011,2,8,9,30,16.17,16.19,1400863
2011,2,8,15,59,16.25,16.26,762889
2011,2,9,9,30,16.14,16.14,913890
2011,2,9,15,59,16.09,16.09,857947
2011,2,10,9,30,15.99,15.99,1028753
2011,2,10,15,59,15.94,15.94,764883
2011,2,11,9,30,16.06,16.02,1262017
2011,2,11,15,59,16.37,16.39,861857
2011,2,14,9,30,16.38,16.38,602071
2011,2,14,15,59,16.09,16.09,894147
2011,2,15,9,30,16.03,16.03,611160
2011,2,15,15,59,16.08,16.08,723900
2011,2,16,9,30,16.15,16.17,671687
2011,2,16,15,59,16.05,16.04,632899
2011,2,17,9,30,16.01,16.01,641269
2011,2,17,15,59,15.97,15.96,796613
2011,2,18,9,30,15.95,15.96,3587723
2011,2,18,15,59,15.77,15.77,922595
2011,2,22,9,30,15.36,15.25,4387708
2011,2,22,15,59,15.21,15.23,770739
2011,2,23,9,30,15.02,14.90,4078738
2011,2,23,15,59,14.88,14.87,1049561
2011,2,24,9,30,14.57,14.57,2253357
2011,2,24,15,59,14.70,14.70,737603
2011,2,25,9,30,14.95,14.91,1657801
2011,2,25,15,59,15.05,15.05,794271
2011,2,28,9,30,15.29,15.28,1065616
2011,2,28,15,59,15.05,15.07,505053
2011,3,1,9,30,15.10,15.07,793401
2011,3,1,15,59,14.68,14.66,705351
2011,3,2,9,30,14.66,14.70,993994
2011,3,2,15,59,14.66,14.67,776805
2011,3,3,9,30,14.90,14.91,959314
2011,3,3,15,59,14.74,14.75,668644
2011,3,4,9,30,14.79,14.78,857055
2011,3,4,15,59,14.41,14.40,778895
2011,3,7,9,30,14.34,14.35,967663
2011,3,7,15,59,14.02,14.01,1571629
2011,3,8,9,30,14.02,14.04,1314053
2011,3,8,15,59,14.48,14.48,978552
2011,3,9,9,30,14.59,14.56,1080639
2011,3,9,15,59,14.27,14.29,711798
2011,3,10,9,30,14.10,14.10,1253419
2011,3,10,15,59,14.07,14.06,1143701
2011,3,11,9,30,13.90,13.87,2280264
2011,3,11,15,59,14.37,14.37,553837
2011,3,14,9,30,14.47,14.47,1186909
2011,3,14,15,59,14.29,14.30,506691
2011,3,15,9,30,13.80,13.88,2811933
2011,3,15,15,59,14.70,14.67,1333820
2011,3,16,9,30,14.73,14.74,1387772
2011,3,16,15,59,14.18,14.17,650723
2011,3,17,9,30,14.56,14.54,1667295
2011,3,17,15,59,14.26,14.26,509364
2011,3,18,9,30,14.58,14.59,4597488
2011,3,18,15,59,14.47,14.48,722699
2011,3,21,9,30,14.70,14.68,966755
2011,3,21,15,59,14.59,14.59,627044
2011,3,22,9,30,14.53,14.49,1132919
2011,3,22,15,59,14.32,14.32,876181
2011,3,23,9,30,14.26,14.26,950802
2011,3,23,15,59,14.31,14.32,536148
2011,3,24,9,30,14.41,14.42,717475
2011,3,24,15,59,15.06,15.05,950361
2011,3,25,9,30,15.20,15.16,1868941
2011,3,25,15,59,15.02,15.01,598568
2011,3,28,9,30,14.99,15.00,786440
2011,3,28,15,59,14.86,14.85,831235
2011,3,29,9,30,14.83,14.84,411953
2011,3,29,15,59,14.84,14.83,504039
2011,3,30,9,30,14.88,14.90,648436
2011,3,30,15,59,14.88,14.87,1103847
2011,3,31,9,30,14.82,14.81,761830
2011,3,31,15,59,14.89,14.91,1126670
2011,4,1,9,30,15.03,15.05,1111876
2011,4,1,15,59,15.18,15.19,2151003
2011,4,4,9,30,15.39,15.45,1184974
2011,4,4,15,59,15.56,15.56,797324
2011,4,5,9,30,15.64,15.60,933757
2011,4,5,15,59,15.80,15.81,732578
2011,4,6,9,30,15.91,15.88,1306805
2011,4,6,15,59,15.75,15.73,906013
2011,4,7,9,30,15.71,15.67,811243
2011,4,7,15,59,15.54,15.51,833773
2011,4,8,9,30,15.65,15.68,636744
2011,4,8,15,59,15.31,15.31,690533
2011,4,11,9,30,15.27,15.31,672320
2011,4,11,15,59,14.85,14.87,1126062
2011,4,12,9,30,14.59,14.53,2464146
2011,4,12,15,59,14.91,14.91,508273
2011,4,13,9,30,15.03,15.04,673389
2011,4,13,15,59,14.98,14.98,1009322
2011,4,14,9,30,14.74,14.71,1092485
2011,4,14,15,59,14.81,14.81,1088561
2011,4,15,9,30,14.86,14.86,2410297
2011,4,15,15,59,14.70,14.70,583729
2011,4,18,9,30,14.51,14.51,926429
2011,4,18,15,59,14.62,14.61,581768
2011,4,19,9,30,14.65,14.68,507486
2011,4,19,15,59,14.66,14.66,320975
2011,4,20,9,30,14.95,14.96,1366099
2011,4,20,15,59,15.10,15.10,806034
2011,4,21,9,30,15.23,15.21,746603
2011,4,21,15,59,15.45,15.43,1548038
2011,4,25,9,30,15.51,15.49,1072698
2011,4,25,15,59,15.55,15.55,951357
2011,4,26,9,30,16.04,15.96,3422570
2011,4,26,15,59,15.67,15.67,663651
2011,4,27,9,30,15.85,15.80,1425178
2011,4,27,15,59,15.60,15.59,636192
2011,4,28,9,30,15.47,15.49,943048
2011,4,28,15,59,15.50,15.48,976949
2011,4,29,9,30,15.49,15.52,429543
2011,4,29,15,59,15.45,15.46,436483
2011,5,2,9,30,15.52,15.53,959981
2011,5,2,15,59,15.44,15.45,571764
2011,5,3,9,30,15.43,15.44,51432
2011,5,3,15,59,15.37,15.37,417013
2011,5,4,9,30,15.42,15.40,549304
2011,5,4,15,59,15.16,15.14,1149278
2011,5,5,9,30,14.97,14.95,1217876
2011,5,5,15,59,15.06,15.08,542787
2011,5,6,9,30,15.26,15.22,868294
2011,5,6,15,59,15.11,15.10,410797
2011,5,9,9,30,15.13,15.15,449820
2011,5,9,15,59,15.08,15.07,463070
2011,5,10,9,30,15.13,15.14,397679
2011,5,10,15,59,15.14,15.15,574376
2011,5,11,9,30,15.11,15.14,436152
2011,5,11,15,59,15.15,15.14,1008962
2011,5,12,9,30,15.14,15.13,569395
2011,5,12,15,59,15.25,15.26,875540
2011,5,13,9,30,15.22,15.26,623702
2011,5,13,15,59,15.07,15.07,531648
2011,5,16,9,30,15.21,15.17,874451
2011,5,16,15,59,15.13,15.13,685060
2011,5,17,9,30,15.06,15.10,738000
2011,5,17,15,59,14.96,14.96,634258
2011,5,18,9,30,15.01,14.97,539449
2011,5,18,15,59,15.13,15.12,836415
2011,5,19,9,30,15.09,15.05,870387
2011,5,19,15,59,15.11,15.12,858995
2011,5,20,9,30,15.05,15.07,1412078
2011,5,20,15,59,15.00,14.99,1080177
2011,5,23,9,30,14.71,14.69,1702617
2011,5,23,15,59,14.80,14.79,732847
2011,5,24,9,30,14.84,14.85,407841
2011,5,24,15,59,14.64,14.65,1230922
2011,5,25,9,30,14.54,14.46,1568174
2011,5,25,15,59,14.58,14.58,680662
2011,5,26,9,30,14.51,14.52,610775
2011,5,26,15,59,14.55,14.56,689750
2011,5,27,9,30,14.55,14.56,457725
2011,5,27,15,59,14.58,14.59,452224
2011,5,31,9,30,14.75,14.73,768744
2011,5,31,15,59,14.88,14.91,1362902
2011,6,1,9,30,14.78,14.78,537481
2011,6,1,15,59,14.27,14.24,2192106
2011,6,2,9,30,14.26,14.27,775663
2011,6,2,15,59,14.17,14.17,575506
2011,6,3,9,30,13.88,13.85,2577252
2011,6,3,15,59,14.01,14.01,493594
2011,6,6,9,30,13.99,14.01,874148
2011,6,6,15,59,13.91,13.92,949265
2011,6,7,9,30,14.17,14.17,1223091
2011,6,7,15,59,13.95,13.96,1862701
2011,6,8,9,30,13.97,13.95,892988
2011,6,8,15,59,13.69,13.68,1556992
2011,6,9,9,30,13.75,13.70,712407
2011,6,9,15,59,13.79,13.80,887315
2011,6,10,9,30,13.68,13.71,553052
2011,6,10,15,59,13.39,13.41,1844727
2011,6,13,9,30,13.14,13.14,2169456
2011,6,13,15,59,13.13,13.14,913843
2011,6,14,9,30,13.30,13.29,717108
2011,6,14,15,59,13.44,13.44,1671665
2011,6,15,9,30,13.30,13.31,610889
2011,6,15,15,59,13.16,13.15,505343
2011,6,16,9,30,13.04,13.09,970324
2011,6,16,15,59,12.83,12.83,927013
2011,6,17,9,30,12.94,12.94,100922
2011,6,17,15,59,12.76,12.77,922868
2011,6,20,9,30,12.66,12.69,723058
2011,6,20,15,59,12.94,12.95,361377
2011,6,21,9,30,13.08,13.07,837476
2011,6,21,15,59,13.33,13.33,862408
2011,6,22,9,30,13.37,13.38,573626
2011,6,22,15,59,13.35,13.37,765239
2011,6,23,9,30,13.13,13.09,1065543
2011,6,23,15,59,13.45,13.46,615611
2011,6,24,9,30,13.52,13.56,931849
2011,6,24,15,59,13.26,13.25,799111
2011,6,27,9,30,13.36,13.33,773492
2011,6,27,15,59,13.47,13.47,612681
2011,6,28,9,30,13.55,13.54,469648
2011,6,28,15,59,13.32,13.33,1448449
2011,6,29,9,30,13.41,13.43,471257
2011,6,29,15,59,13.43,13.43,344834
2011,6,30,9,30,13.46,13.44,595622
2011,6,30,15,59,13.81,13.80,1010521
2011,7,1,9,30,13.92,13.86,833612
2011,7,1,15,59,14.00,14.00,1029467
2011,7,5,9,30,14.07,14.06,631666
2011,7,5,15,59,14.11,14.11,418265
2011,7,6,9,30,14.13,14.05,697527
2011,7,6,15,59,13.95,13.96,627464
2011,7,7,9,30,14.13,14.11,888862
2011,7,7,15,59,14.12,14.13,688979
2011,7,8,9,30,13.86,13.81,1504371
2011,7,8,15,59,13.90,13.88,1145241
2011,7,11,9,30,13.66,13.64,763872
2011,7,11,15,59,13.32,13.33,1111197
2011,7,12,9,30,13.13,13.18,1127698
2011,7,12,15,59,13.13,13.13,1292013
2011,7,13,9,30,13.33,13.40,983920
2011,7,13,15,59,13.29,13.28,598232
2011,7,14,9,30,13.34,13.34,444931
2011,7,14,15,59,13.08,13.09,632034
2011,7,15,9,30,13.14,13.11,2545539
2011,7,15,15,59,13.08,13.10,792303
2011,7,18,9,30,13.02,13.06,513706
2011,7,18,15,59,12.90,12.90,652599
2011,7,19,9,30,12.99,13.03,626786
2011,7,19,15,59,13.09,13.09,790238
2011,7,20,9,30,13.19,13.16,691481
2011,7,20,15,59,13.08,13.07,352371
2011,7,21,9,30,13.17,13.15,432289
2011,7,21,15,59,13.28,13.28,526667
2011,7,22,9,30,13.29,13.28,426386
2011,7,22,15,59,13.31,13.31,573144
2011,7,25,9,30,13.03,13.07,1278897
2011,7,25,15,59,13.12,13.17,1236802
2011,7,26,9,30,13.30,13.40,1658896
2011,7,26,15,59,12.93,12.94,1561118
2011,7,27,9,30,12.81,12.80,701033
2011,7,27,15,59,12.40,12.37,1384504
2011,7,28,9,30,12.41,12.39,1085494
2011,7,28,15,59,12.33,12.32,434875
2011,7,29,9,30,12.09,12.04,3435486
2011,7,29,15,59,12.24,12.21,1084305
2011,8,1,9,30,12.75,12.71,3275201
2011,8,1,15,59,12.35,12.35,736855
2011,8,2,9,30,12.29,12.27,44646
2011,8,2,15,59,11.84,11.83,1081205
2011,8,3,9,30,11.92,11.89,1084041
2011,8,3,15,59,11.65,11.64,1517261
2011,8,4,9,30,11.49,11.35,1857134
2011,8,4,15,59,10.87,10.85,2110115
2011,8,5,9,30,11.05,11.08,2574425
2011,8,5,15,59,10.85,10.82,794938
2011,8,8,9,30,10.00,10.00,984566
2011,8,8,15,59,9.94,9.93,1142884
2011,8,9,9,30,10.49,10.53,4072421
2011,8,9,15,59,10.90,10.92,1281991
2011,8,10,9,30,10.82,10.76,2801220
2011,8,10,15,59,10.38,10.40,1333296
2011,8,11,9,30,10.47,10.50,1634395
2011,8,11,15,59,10.94,10.92,1493166
2011,8,12,9,30,11.29,11.26,1781803
2011,8,12,15,59,11.07,11.07,571684
2011,8,15,9,30,11.30,11.26,1138801
2011,8,15,15,59,11.35,11.35,569192
2011,8,16,9,30,11.23,11.16,964807
2011,8,16,15,59,11.22,11.21,488647
2011,8,17,9,30,11.34,11.32,468312
2011,8,17,15,59,11.10,11.09,666296
2011,8,18,9,30,10.67,10.65,1695104
2011,8,18,15,59,10.38,10.38,1659821
2011,8,19,9,30,10.04,10.10,4305419
2011,8,19,15,59,10.00,9.99,1332520
2011,8,22,9,30,10.39,10.36,1579966
2011,8,22,15,59,10.02,10.02,537141
2011,8,23,9,30,10.17,10.17,205982
2011,8,23,15,59,10.31,10.32,418582
2011,8,24,9,30,10.32,10.31,590248
2011,8,24,15,59,10.42,10.45,752125
2011,8,25,9,30,10.53,10.50,624311
2011,8,25,15,59,10.28,10.28,967430
2011,8,26,9,30,10.18,10.16,568899
2011,8,26,15,59,10.41,10.41,532796
2011,8,29,9,30,10.64,10.66,857655
2011,8,29,15,59,10.93,10.93,1128631
2011,8,30,9,30,10.87,10.77,733152
2011,8,30,15,59,10.88,10.86,705463
2011,8,31,9,30,11.04,11.04,1216222
2011,8,31,15,59,11.09,11.11,768719
2011,9,1,9,30,11.11,11.12,556145
2011,9,1,15,59,10.85,10.84,691821
2011,9,2,9,30,10.51,10.50,1847482
2011,9,2,15,59,10.42,10.41,845911
2011,9,6,9,30,10.02,10.03,1671604
2011,9,6,15,59,10.25,10.23,809272
2011,9,7,9,30,10.40,10.40,655727
2011,9,7,15,59,10.54,10.55,899528
2011,9,8,9,30,10.49,10.47,716921
2011,9,8,15,59,10.34,10.34,456516
2011,9,9,9,30,10.11,10.10,1472514
2011,9,9,15,59,10.07,10.06,899641
2011,9,12,9,30,9.87,9.86,1477842
2011,9,12,15,59,10.12,10.12,646536
2011,9,13,9,30,10.15,10.12,574754
2011,9,13,15,59,10.15,10.16,563977
2011,9,14,9,30,10.25,10.24,448082
2011,9,14,15,59,10.34,10.33,1313438
2011,9,15,9,30,10.45,10.48,586877
2011,9,15,15,59,10.62,10.63,955105
2011,9,16,9,30,10.67,10.65,5821073
2011,9,16,15,59,10.61,10.61,987220
2011,9,19,9,30,10.31,10.36,955365
2011,9,19,15,59,10.54,10.54,741151
2011,9,20,9,30,10.61,10.59,390589
2011,9,20,15,59,10.42,10.43,441387
2011,9,21,9,30,10.40,10.42,517673
2011,9,21,15,59,9.99,9.98,1465723
2011,9,22,9,30,9.79,9.79,2087784
2011,9,22,15,59,9.63,9.61,1233026
2011,9,23,9,30,9.46,9.43,1289558
2011,9,23,15,59,9.85,9.85,797130
2011,9,26,9,30,9.98,9.98,688110
2011,9,26,15,59,10.08,10.08,599741
2011,9,27,9,30,10.32,10.33,923873
2011,9,27,15,59,10.15,10.13,1517909
2011,9,28,9,30,10.18,10.15,467298
2011,9,28,15,59,9.94,9.92,919238
2011,9,29,9,30,10.13,10.13,464591
2011,9,29,15,59,9.99,10.00,469997
2011,9,30,9,30,9.89,9.89,597386
2011,9,30,15,59,9.67,9.66,875414
2011,10,3,9,30,9.66,9.66,586815
2011,10,3,15,59,9.37,9.37,888079
2011,10,4,9,30,9.22,9.25,1537591
2011,10,4,15,59,10.12,10.09,1850257
2011,10,5,9,30,10.07,10.05,1103468
2011,10,5,15,59,10.56,10.56,1002242
2011,10,6,9,30,10.61,10.58,1036926
2011,10,6,15,59,10.98,10.98,1729795
2011,10,7,9,30,11.04,11.09,1148133
2011,10,7,15,59,10.68,10.69,968204
2011,10,10,9,30,10.92,10.90,621750
2011,10,10,15,59,11.22,11.22,681497
2011,10,11,9,30,11.17,11.13,570041
2011,10,11,15,59,11.23,11.23,712405
2011,10,12,9,30,11.40,11.45,921985
2011,10,12,15,59,11.40,11.39,1021810
2011,10,13,9,30,11.39,11.33,1021019
2011,10,13,15,59,11.33,11.33,582336
2011,10,14,9,30,11.58,11.64,766956
2011,10,14,15,59,11.56,11.57,586338
2011,10,17,9,30,11.71,11.67,1067828
2011,10,17,15,59,11.38,11.40,554527
2011,10,18,9,30,11.41,11.41,548714
2011,10,18,15,59,11.76,11.77,1256311
2011,10,19,9,30,11.77,11.66,863090
2011,10,19,15,59,11.56,11.55,635202
2011,10,20,9,30,11.66,11.64,456767
2011,10,20,15,59,11.70,11.71,777605
2011,10,21,9,30,11.86,11.90,3524926
2011,10,21,15,59,12.28,12.27,931646
2011,10,24,9,30,12.31,12.33,958904
2011,10,24,15,59,12.50,12.51,899713
2011,10,25,9,30,12.58,12.50,1173417
2011,10,25,15,59,12.41,12.41,1148405
2011,10,26,9,30,12.08,12.07,2402569
2011,10,26,15,59,11.86,11.87,1143587
2011,10,27,9,30,12.28,12.22,2423426
2011,10,27,15,59,12.07,12.08,922511
2011,10,28,9,30,11.97,11.97,622823
2011,10,28,15,59,11.97,11.98,1065630
2011,10,31,9,30,11.77,11.77,960749
2011,10,31,15,59,11.70,11.69,989872
2011,11,1,9,30,11.33,11.23,342576
2011,11,1,15,59,11.06,11.08,1196584
2011,11,2,9,30,11.28,11.24,592027
2011,11,2,15,59,11.15,11.16,712989
2011,11,3,9,30,11.29,11.28,714917
2011,11,3,15,59,11.33,11.33,466890
2011,11,4,9,30,11.28,11.27,33034
2011,11,4,15,59,11.25,11.26,438526
2011,11,7,9,30,11.20,11.18,372998
2011,11,7,15,59,11.21,11.21,532025
2011,11,8,9,30,11.27,11.26,456556
2011,11,8,15,59,11.62,11.62,1279107
2011,11,9,9,30,11.20,11.22,1332156
2011,11,9,15,59,11.05,11.04,1614857
2011,11,10,9,30,11.16,11.18,57753
2011,11,10,15,59,10.99,10.98,686243
2011,11,11,9,30,11.13,11.15,746943
2011,11,11,15,59,11.14,11.13,652771
2011,11,14,9,30,11.12,11.12,417467
2011,11,14,15,59,11.00,11.00,764360
2011,11,15,9,30,10.93,10.96,478043
2011,11,15,15,59,10.88,10.88,1358154
2011,11,16,9,30,10.80,10.76,820540
2011,11,16,15,59,10.55,10.56,1733216
2011,11,17,9,30,10.54,10.56,375371
2011,11,17,15,59,10.11,10.16,1432843
2011,11,18,9,30,10.27,10.28,2802951
2011,11,18,15,59,10.10,10.09,788639
2011,11,21,9,30,9.99,9.93,2026755
2011,11,21,15,59,10.07,10.05,1015067
2011,11,22,9,30,10.02,10.01,417823
2011,11,22,15,59,10.09,10.08,811741
2011,11,23,9,30,9.97,9.97,453118
2011,11,23,15,59,9.86,9.84,888065
2011,11,25,9,30,9.81,9.85,476011
2011,11,25,12,59,9.77,9.75,441717
2011,11,28,9,30,10.16,10.12,1317510
2011,11,28,15,59,9.99,10.01,787116
2011,11,29,9,30,10.03,10.00,433312
2011,11,29,15,59,9.99,10.00,522828
2011,11,30,9,30,10.33,10.29,1064722
2011,11,30,15,59,10.60,10.59,1889905
2011,12,1,9,30,10.50,10.48,862580
2011,12,1,15,59,10.60,10.60,397326
2011,12,2,9,30,10.79,10.77,951588
2011,12,2,15,59,10.93,10.90,1011811
2011,12,5,9,30,11.15,11.11,916335
2011,12,5,15,59,11.12,11.12,1239401
2011,12,6,9,30,11.10,11.09,581851
2011,12,6,15,59,11.03,11.05,862342
2011,12,7,9,30,11.01,11.02,426577
2011,12,7,15,59,11.07,11.07,809210
2011,12,8,9,30,10.96,10.97,450190
2011,12,8,15,59,10.74,10.75,1726710
2011,12,9,9,30,10.95,10.88,813921
2011,12,9,15,59,11.05,11.02,1212210
2011,12,12,9,30,10.87,10.83,1039476
2011,12,12,15,59,10.86,10.83,2321448
2011,12,13,9,30,10.92,10.93,419763
2011,12,13,15,59,10.46,10.47,2450077
2011,12,14,9,30,10.33,10.34,535127
2011,12,14,15,59,10.14,10.14,1344702
2011,12,15,9,30,10.31,10.30,671218
2011,12,15,15,59,10.25,10.26,592819
2011,12,16,9,30,10.33,10.32,3770333
2011,12,16,15,59,10.25,10.23,844365
2011,12,19,9,30,10.25,10.25,612461
2011,12,19,15,59,10.02,10.02,734368
2011,12,20,9,30,10.20,10.20,653773
2011,12,20,15,59,10.34,10.34,885297
2011,12,21,9,30,10.38,10.43,798014
2011,12,21,15,59,10.65,10.65,1158007
2011,12,22,9,30,10.78,10.78,538954
2011,12,22,15,59,10.94,10.95,1521175
2011,12,23,9,30,10.99,11.00,574654
2011,12,23,15,59,10.94,10.93,551545
2011,12,27,9,30,10.87,10.86,419532
2011,12,27,15,59,10.81,10.80,622932
2011,12,28,9,30,10.82,10.81,398195
2011,12,28,15,59,10.51,10.53,661368
2011,12,29,9,30,10.56,10.54,384080
2011,12,29,15,59,10.67,10.67,689024
2011,12,30,9,30,10.63,10.63,454771
2011,12,30,15,59,10.76,10.75,436522
2012,1,3,9,30,11.00,11.01,1274534
2012,1,3,15,59,11.15,11.14,946234
2012,1,4,9,30,11.15,11.13,497729
2012,1,4,15,59,11.35,11.34,1995153
2012,1,5,9,30,11.33,11.33,836294
2012,1,5,15,59,11.61,11.60,1019694
2012,1,6,9,30,11.72,11.68,1205511
2012,1,6,15,59,11.72,11.72,947298
2012,1,9,9,30,11.83,11.83,848490
2012,1,9,15,59,11.82,11.81,1037527
2012,1,10,9,30,12.00,11.99,1719509
2012,1,10,15,59,11.80,11.79,513652
2012,1,11,9,30,11.74,11.71,614539
2012,1,11,15,59,12.08,12.08,1238580
2012,1,12,9,30,12.16,12.15,867609
2012,1,12,15,59,12.13,12.13,684407
2012,1,13,9,30,12.00,12.00,719122
2012,1,13,15,59,12.02,12.04,2214313
2012,1,17,9,30,12.19,12.20,1062620
2012,1,17,15,59,12.01,12.01,901274
2012,1,18,9,30,12.03,12.04,382237
2012,1,18,15,59,12.34,12.34,1817184
2012,1,19,9,30,12.49,12.46,891807
2012,1,19,15,59,12.64,12.60,2379025
2012,1,20,9,30,12.55,12.53,3257226
2012,1,20,15,59,12.61,12.60,1476667
2012,1,23,9,30,12.69,12.66,714272
2012,1,23,15,59,12.67,12.67,378192
2012,1,24,9,30,12.56,12.52,746678
2012,1,24,15,59,12.83,12.83,615746
2012,1,25,9,30,12.80,12.81,515174
2012,1,25,15,59,12.91,12.92,425692
2012,1,26,9,30,13.03,13.00,1978646
2012,1,26,15,59,12.75,12.79,1315951
2012,1,27,9,30,11.96,11.90,5494358
2012,1,27,15,59,12.22,12.22,1192161
2012,1,30,9,30,12.06,12.02,1412489
2012,1,30,15,59,12.30,12.31,1072823
2012,1,31,9,30,12.47,12.51,1177641
2012,1,31,15,59,12.41,12.41,1201145
2012,2,1,9,30,12.73,12.64,1890646
2012,2,1,15,59,12.33,12.34,469337
2012,2,2,9,30,12.40,12.36,556334
2012,2,2,15,59,12.27,12.27,748675
2012,2,3,9,30,12.45,12.48,1151412
2012,2,3,15,59,12.80,12.77,1377518
2012,2,6,9,30,12.85,12.85,830505
2012,2,6,15,59,12.95,12.96,868351
2012,2,7,9,30,12.93,12.96,498740
2012,2,7,15,59,12.89,12.88,504537
2012,2,8,9,30,12.91,12.92,348852
2012,2,8,15,59,12.85,12.85,562778
2012,2,9,9,30,12.89,12.90,318740
2012,2,9,15,59,12.69,12.70,787539
2012,2,10,9,30,12.51,12.48,1156674
2012,2,10,15,59,12.42,12.43,1899069
2012,2,13,9,30,12.74,12.65,2489085
2012,2,13,15,59,12.54,12.54,655626
2012,2,14,9,30,12.46,12.46,402145
2012,2,14,15,59,12.46,12.48,1081320
2012,2,15,9,30,12.47,12.50,639216
2012,2,15,15,59,12.38,12.37,533786
2012,2,16,9,30,12.38,12.41,477491
2012,2,16,15,59,12.76,12.75,1083927
2012,2,17,9,30,12.84,12.84,3073034
2012,2,17,15,59,12.75,12.74,678167
2012,2,21,9,30,12.74,12.72,515156
2012,2,21,15,59,12.55,12.53,1185455
2012,2,22,9,30,12.49,12.50,410270
2012,2,22,15,59,12.27,12.28,769888
2012,2,23,9,30,12.27,12.24,482826
2012,2,23,15,59,12.41,12.40,472917
2012,2,24,9,30,12.43,12.44,323134
2012,2,24,15,59,12.22,12.22,519689
2012,2,27,9,30,12.13,12.13,658633
2012,2,27,15,59,12.31,12.30,665319
2012,2,28,9,30,12.33,12.28,591925
2012,2,28,15,59,12.26,12.26,279541
2012,2,29,9,30,12.28,12.27,384981
2012,2,29,15,59,12.38,12.37,965481
2012,3,1,9,30,12.49,12.52,1019590
2012,3,1,15,59,12.67,12.67,905898
2012,3,2,9,30,12.74,12.71,630668
2012,3,2,15,59,12.70,12.72,882486
2012,3,5,9,30,12.67,12.65,544579
2012,3,5,15,59,12.45,12.46,629362
2012,3,6,9,30,12.23,12.20,1302280
2012,3,6,15,59,12.08,12.08,756005
2012,3,7,9,30,12.21,12.21,717804
2012,3,7,15,59,12.24,12.25,488673
2012,3,8,9,30,12.41,12.40,549738
2012,3,8,15,59,12.47,12.47,684277
2012,3,9,9,30,12.53,12.51,496302
2012,3,9,15,59,12.58,12.59,581076
2012,3,12,9,30,12.57,12.58,342666
2012,3,12,15,59,12.42,12.42,698702
2012,3,13,9,30,12.48,12.51,653683
2012,3,13,15,59,12.70,12.69,1103603
2012,3,14,9,30,12.63,12.66,548366
2012,3,14,15,59,12.88,12.87,586661
2012,3,15,9,30,12.90,12.93,594239
2012,3,15,15,59,12.89,12.89,566937
2012,3,16,9,30,12.86,12.88,5717349
2012,3,16,15,59,12.57,12.52,6094207
2012,3,19,9,30,12.52,12.54,572737
2012,3,19,15,59,12.61,12.63,727100
2012,3,20,9,30,12.48,12.43,752077
2012,3,20,15,59,12.55,12.55,736599
2012,3,21,9,30,12.59,12.61,312477
2012,3,21,15,59,12.59,12.58,919182
2012,3,22,9,30,12.48,12.49,474689
2012,3,22,15,59,12.30,12.32,902682
2012,3,23,9,30,12.31,12.32,408547
2012,3,23,15,59,12.33,12.33,881879
2012,3,26,9,30,12.46,12.48,578808
2012,3,26,15,59,12.48,12.49,582950
2012,3,27,9,30,12.50,12.52,501868
2012,3,27,15,59,12.30,12.32,661147
2012,3,28,9,30,12.33,12.34,557251
2012,3,28,15,59,12.31,12.31,630885
2012,3,29,9,30,12.33,12.32,531026
2012,3,29,15,59,12.50,12.49,748727
2012,3,30,9,30,12.55,12.56,452909
2012,3,30,15,59,12.48,12.47,679175
2012,4,2,9,30,12.50,12.52,573703
2012,4,2,15,59,12.62,12.63,673574
2012,4,3,9,30,12.71,12.69,837940
2012,4,3,15,59,12.63,12.64,1314559
2012,4,4,9,30,12.47,12.44,774486
2012,4,4,15,59,12.50,12.50,2350475
2012,4,5,9,30,12.38,12.44,507227
2012,4,5,15,59,12.47,12.46,561730
2012,4,9,9,30,12.26,12.27,847942
2012,4,9,15,59,12.20,12.21,499312
2012,4,10,9,30,12.19,12.23,685453
2012,4,10,15,59,11.78,11.78,879533
2012,4,11,9,30,12.00,11.97,863937
2012,4,11,15,59,11.91,11.91,488296
2012,4,12,9,30,11.94,11.94,481423
2012,4,12,15,59,12.08,12.08,567228
2012,4,13,9,30,11.98,11.94,653783
2012,4,13,15,59,11.92,11.92,727145
2012,4,16,9,30,12.01,11.97,423144
2012,4,16,15,59,11.88,11.87,586582
2012,4,17,9,30,11.98,11.96,269709
2012,4,17,15,59,11.91,11.90,807726
2012,4,18,9,30,11.81,11.82,603869
2012,4,18,15,59,11.79,11.79,470460
2012,4,19,9,30,11.81,11.73,466804
2012,4,19,15,59,11.66,11.65,895932
2012,4,20,9,30,11.71,11.68,3488378
2012,4,20,15,59,11.45,11.42,3863157
2012,4,23,9,30,11.15,11.17,1335029
2012,4,23,15,59,11.35,11.34,436419
2012,4,24,9,30,11.61,11.56,1432205
2012,4,24,15,59,11.39,11.40,608498
2012,4,25,9,30,11.50,11.52,529053
2012,4,25,15,59,11.74,11.74,1008647
2012,4,26,9,30,11.71,11.73,461556
2012,4,26,15,59,11.88,11.88,1375440
2012,4,27,9,30,12.03,11.95,1061406
2012,4,27,15,59,11.60,11.59,1008301
2012,4,30,9,30,11.42,11.44,964616
2012,4,30,15,59,11.27,11.26,1131529
2012,5,1,9,30,11.25,11.28,810150
2012,5,1,15,59,11.23,11.23,618676
2012,5,2,9,30,11.16,11.14,472700
2012,5,2,15,59,11.10,11.09,958266
2012,5,3,9,30,11.13,11.12,319603
2012,5,3,15,59,10.90,10.92,867702
2012,5,4,9,30,10.84,10.82,569604
2012,5,4,15,59,10.67,10.66,805320
2012,5,7,9,30,10.53,10.57,1128897
2012,5,7,15,59,10.67,10.67,647167
2012,5,8,9,30,10.60,10.57,611076
2012,5,8,15,59,10.62,10.61,628593
2012,5,9,9,30,10.48,10.47,485216
2012,5,9,15,59,10.70,10.69,1458179
2012,5,10,9,30,10.84,10.84,471560
2012,5,10,15,59,10.69,10.71,841802
2012,5,11,9,30,10.61,10.62,489085
2012,5,11,15,59,10.57,10.57,545397
2012,5,14,9,30,10.42,10.42,936036
2012,5,14,15,59,10.31,10.32,1050163
2012,5,15,9,30,10.36,10.31,539815
2012,5,15,15,59,10.15,10.14,866853
2012,5,16,9,30,10.23,10.25,701805
2012,5,16,15,59,10.16,10.15,793953
2012,5,17,9,30,10.16,10.15,534728
2012,5,17,15,59,10.02,10.01,861599
2012,5,18,9,30,10.08,10.06,3603873
2012,5,18,15,59,10.01,10.00,554867
2012,5,21,9,30,10.02,10.04,713644
2012,5,21,15,59,10.21,10.21,620918
2012,5,22,9,30,10.25,10.25,445858
2012,5,22,15,59,10.20,10.20,705342
2012,5,23,9,30,10.32,10.31,957933
2012,5,23,15,59,10.43,10.43,647266
2012,5,24,9,30,10.50,10.47,43168
2012,5,24,15,59,10.59,10.60,1199775
2012,5,25,9,30,10.62,10.63,528986
2012,5,25,15,59,10.59,10.60,654910
2012,5,29,9,30,10.69,10.77,905143
2012,5,29,15,59,10.84,10.86,1017671
2012,5,30,9,30,10.73,10.70,634576
2012,5,30,15,59,10.66,10.65,738969
2012,5,31,9,30,10.62,10.65,435313
2012,5,31,15,59,10.59,10.59,936851
2012,6,1,9,30,10.33,10.35,254143
2012,6,1,15,59,10.11,10.11,1439846
2012,6,4,9,30,10.16,10.12,816281
2012,6,4,15,59,10.03,10.03,715456
2012,6,5,9,30,10.01,9.98,661408
2012,6,5,15,59,10.22,10.20,991952
2012,6,6,9,30,10.29,10.28,519320
2012,6,6,15,59,10.56,10.56,969334
2012,6,7,9,30,10.74,10.76,963319
2012,6,7,15,59,10.55,10.54,581046
2012,6,8,9,30,10.48,10.45,816032
2012,6,8,15,59,10.65,10.65,339417
2012,6,11,9,30,10.77,10.77,679822
2012,6,11,15,59,10.46,10.45,711596
2012,6,12,9,30,10.47,10.43,481784
2012,6,12,15,59,10.50,10.50,961918
2012,6,13,9,30,10.38,10.36,552004
2012,6,13,15,59,10.28,10.30,1114797
2012,6,14,9,30,10.27,10.23,800216
2012,6,14,15,59,10.41,10.41,469870
2012,6,15,9,30,10.40,10.40,4292682
2012,6,15,15,59,10.31,10.34,1184325
2012,6,18,9,30,10.34,10.31,681095
2012,6,18,15,59,10.33,10.32,469681
2012,6,19,9,30,10.37,10.39,353487
2012,6,19,15,59,10.57,10.57,854300
2012,6,20,9,30,10.58,10.57,340555
2012,6,20,15,59,10.65,10.64,423566
2012,6,21,9,30,10.65,10.64,319084
2012,6,21,15,59,10.25,10.25,723820
2012,6,22,9,30,10.35,10.35,421731
2012,6,22,15,59,10.23,10.20,2813035
2012,6,25,9,30,10.13,10.12,584621
2012,6,25,15,59,10.01,10.00,1182646
2012,6,26,9,30,10.06,10.07,504721
2012,6,26,15,59,10.02,10.02,1441015
2012,6,27,9,30,10.05,10.08,258356
2012,6,27,15,59,10.02,10.01,411684
2012,6,28,9,30,9.93,9.95,596790
2012,6,28,15,59,10.08,10.08,894040
2012,6,29,9,30,9.95,9.97,1462021
2012,6,29,15,59,9.59,9.58,1937302
2012,7,2,9,30,9.50,9.52,1026216
2012,7,2,15,59,9.39,9.38,1026160
2012,7,3,9,30,9.53,9.59,1698810
2012,7,3,12,59,9.60,9.61,961649
2012,7,5,9,30,9.66,9.62,1157481
2012,7,5,15,59,9.57,9.56,733662
2012,7,6,9,30,9.47,9.52,925032
2012,7,6,15,59,9.50,9.49,728357
2012,7,9,9,30,9.45,9.45,512982
2012,7,9,15,59,9.44,9.44,978409
2012,7,10,9,30,9.50,9.50,636813
2012,7,10,15,59,9.37,9.34,728783
2012,7,11,9,30,9.34,9.30,578602
2012,7,11,15,59,9.33,9.32,530421
2012,7,12,9,30,9.26,9.27,805633
2012,7,12,15,59,9.13,9.12,1250002
2012,7,13,9,30,9.16,9.17,383931
2012,7,13,15,59,9.27,9.28,899520
2012,7,16,9,30,9.22,9.22,409244
2012,7,16,15,59,9.27,9.27,589831
2012,7,17,9,30,9.29,9.30,367137
2012,7,17,15,59,9.34,9.34,614627
2012,7,18,9,30,9.38,9.34,466667
2012,7,18,15,59,9.38,9.39,485868
2012,7,19,9,30,9.45,9.42,455263
2012,7,19,15,59,9.35,9.35,448850
2012,7,20,9,30,9.28,9.26,2482471
2012,7,20,15,59,9.21,9.20,739604
2012,7,23,9,30,9.08,9.10,1064105
2012,7,23,15,59,9.16,9.16,663612
2012,7,24,9,30,9.17,9.20,319666
2012,7,24,15,59,9.07,9.05,1296184
2012,7,25,9,30,9.17,9.14,987179
2012,7,25,15,59,8.96,8.96,784938
2012,7,26,9,30,9.05,9.05,889878
2012,7,26,15,59,8.97,8.95,660152
2012,7,27,9,30,8.98,8.99,569347
2012,7,27,15,59,9.01,9.00,942033
2012,7,30,9,30,9.04,9.06,768822
2012,7,30,15,59,9.10,9.11,607659
2012,7,31,9,30,9.13,9.14,363227
2012,7,31,15,59,9.23,9.24,1042508
2012,8,1,9,30,9.29,9.29,812195
2012,8,1,15,59,9.05,9.05,0
2012,8,2,9,30,8.99,8.99,561320
2012,8,2,15,59,8.91,8.92,1305713
2012,8,3,9,30,9.02,8.99,674761
2012,8,3,15,59,9.10,9.10,758088
2012,8,6,9,30,9.13,9.18,750986
2012,8,6,15,59,9.15,9.16,339820
2012,8,7,9,30,9.18,9.20,502726
2012,8,7,15,59,9.32,9.32,868476
2012,8,8,9,30,9.26,9.25,468689
2012,8,8,15,59,9.34,9.34,846122
2012,8,9,9,30,9.31,9.31,414695
2012,8,9,15,59,9.34,9.35,554617
2012,8,10,9,30,9.30,9.29,431519
2012,8,10,15,59,9.35,9.35,332817
2012,8,13,9,30,9.35,9.35,345504
2012,8,13,15,59,9.39,9.40,452387
2012,8,14,9,30,9.45,9.44,495011
2012,8,14,15,59,9.45,9.45,552341
2012,8,15,9,30,9.47,9.42,363870
2012,8,15,15,59,9.48,9.49,432984
2012,8,16,9,30,9.50,9.52,333167
2012,8,16,15,59,9.58,9.60,856910
2012,8,17,9,30,9.66,9.70,2319732
2012,8,17,15,59,9.63,9.63,755669
2012,8,20,9,30,9.58,9.57,764324
2012,8,20,15,59,9.63,9.62,580797
2012,8,21,9,30,9.65,9.63,447121
2012,8,21,15,59,9.53,9.53,607741
2012,8,22,9,30,9.50,9.52,435667
2012,8,22,15,59,9.50,9.49,312866
2012,8,23,9,30,9.45,9.47,284020
2012,8,23,15,59,9.45,9.45,725038
2012,8,24,9,30,9.42,9.43,351458
2012,8,24,15,59,9.49,9.48,591995
2012,8,27,9,30,9.52,9.50,313087
2012,8,27,15,59,9.39,9.38,1436775
2012,8,28,9,30,9.37,9.39,316009
2012,8,28,15,59,9.33,9.33,726411
2012,8,29,9,30,9.33,9.37,355940
2012,8,29,15,59,9.33,9.32,408689
2012,8,30,9,30,9.30,9.31,428045
2012,8,30,15,59,9.30,9.31,315964
2012,8,31,9,30,9.39,9.38,460960
2012,8,31,15,59,9.35,9.34,936840
2012,9,4,9,30,9.37,9.45,1155367
2012,9,4,15,59,9.43,9.42,1103618
2012,9,5,9,30,9.45,9.45,316689
2012,9,5,15,59,9.57,9.58,742629
2012,9,6,9,30,9.66,9.68,900057
2012,9,6,15,59,9.92,9.92,1178505
2012,9,7,9,30,9.95,9.96,626013
2012,9,7,15,59,10.13,10.14,778696
2012,9,10,9,30,10.09,10.09,564759
2012,9,10,15,59,10.12,10.11,508377
2012,9,11,9,30,10.18,10.17,470065
2012,9,11,15,59,10.15,10.15,362530
2012,9,12,9,30,10.25,10.25,538505
2012,9,12,15,59,10.22,10.21,461609
2012,9,13,9,30,10.20,10.22,471077
2012,9,13,15,59,10.33,10.34,668591
2012,9,14,9,30,10.41,10.40,848897
2012,9,14,15,59,10.50,10.52,922992
2012,9,17,9,30,10.27,10.28,1632522
2012,9,17,15,59,10.39,10.39,803630
2012,9,18,9,30,10.30,10.35,987232
2012,9,18,15,59,10.43,10.42,512015
2012,9,19,9,30,10.49,10.48,626576
2012,9,19,15,59,10.59,10.58,656945
2012,9,20,9,30,10.48,10.42,1003164
2012,9,20,15,59,10.44,10.45,830641
2012,9,21,9,30,10.53,10.50,3998234
2012,9,21,15,59,10.38,10.39,757187
2012,9,24,9,30,10.29,10.28,915014
2012,9,24,15,59,10.33,10.32,354231
2012,9,25,9,30,10.36,10.35,452530
2012,9,25,15,59,10.09,10.08,532087
2012,9,26,9,30,9.96,9.93,1663183
2012,9,26,15,59,10.00,10.00,530705
2012,9,27,9,30,10.13,10.11,765520
2012,9,27,15,59,10.02,10.03,1039678
2012,9,28,9,30,9.99,9.99,608541
2012,9,28,15,59,9.85,9.86,943393
2012,10,1,9,30,9.89,9.93,677465
2012,10,1,15,59,9.93,9.92,403378
2012,10,2,9,30,10.02,9.98,717846
2012,10,2,15,59,9.79,9.78,744408
2012,10,3,9,30,9.81,9.81,486747
2012,10,3,15,59,9.94,9.94,828384
2012,10,4,9,30,10.06,10.01,423608
2012,10,4,15,59,10.12,10.12,547075
2012,10,5,9,30,10.17,10.18,585634
2012,10,5,15,59,10.13,10.15,908895
2012,10,8,9,30,10.06,10.09,471594
2012,10,8,15,59,10.03,10.04,674032
2012,10,9,9,30,10.21,10.18,730539
2012,10,9,15,59,10.07,10.08,685014
2012,10,10,9,30,10.12,10.10,331813
2012,10,10,15,59,9.98,9.99,749740
2012,10,11,9,30,10.06,10.07,543361
2012,10,11,15,59,10.15,10.14,895317
2012,10,12,9,30,10.14,10.16,481800
2012,10,12,15,59,10.12,10.12,444488
2012,10,15,9,30,10.11,10.15,355329
2012,10,15,15,59,10.22,10.22,623111
2012,10,16,9,30,10.27,10.25,470188
2012,10,16,15,59,10.30,10.30,612671
2012,10,17,9,30,10.31,10.32,371488
2012,10,17,15,59,10.40,10.40,847613
2012,10,18,9,30,10.36,10.40,7281
2012,10,18,15,59,10.44,10.43,803599
2012,10,19,9,30,10.45,10.41,39719
2012,10,19,15,59,10.18,10.17,1221427
2012,10,22,9,30,10.14,10.17,488972
2012,10,22,15,59,10.17,10.16,538019
2012,10,23,9,30,10.02,10.01,635890
2012,10,23,15,59,10.01,10.01,470825
2012,10,24,9,30,10.08,10.09,358898
2012,10,24,15,59,10.16,10.16,1011188
2012,10,25,9,30,10.42,10.41,1166923
2012,10,25,15,59,10.38,10.39,921100
2012,10,26,9,30,10.35,10.35,361621
2012,10,26,15,59,10.36,10.35,668526
2012,10,31,9,30,10.70,10.75,3030522
2012,10,31,15,59,11.17,11.16,1931007
2012,11,1,9,30,11.19,11.22,1518655
2012,11,1,15,59,11.25,11.25,847006
2012,11,2,9,30,11.31,11.34,903998
2012,11,2,15,59,11.18,11.17,1254772
2012,11,5,9,30,11.15,11.13,575501
2012,11,5,15,59,11.25,11.24,531643
2012,11,6,9,30,11.33,11.29,552458
2012,11,6,15,59,11.42,11.41,1037337
2012,11,7,9,30,11.25,11.22,1199249
2012,11,7,15,59,11.07,11.06,821513
2012,11,8,9,30,11.07,11.09,546055
2012,11,8,15,59,10.92,10.89,1160020
2012,11,9,9,30,10.75,10.74,1608744
2012,11,9,15,59,10.93,10.93,704440
2012,11,12,9,30,11.03,10.99,428979
2012,11,12,15,59,10.98,10.98,623629
2012,11,13,9,30,10.89,10.87,396596
2012,11,13,15,59,11.00,11.00,668729
2012,11,14,9,30,11.02,11.01,476282
2012,11,14,15,59,10.68,10.68,1157206
2012,11,15,9,30,10.56,10.63,720690
2012,11,15,15,59,10.57,10.56,1015169
2012,11,16,9,30,10.58,10.60,2550901
2012,11,16,15,59,10.51,10.49,1132398
2012,11,19,9,30,10.65,10.74,690823
2012,11,19,15,59,10.83,10.82,633878
2012,11,20,9,30,10.86,10.86,332682
2012,11,20,15,59,10.84,10.85,528849
2012,11,21,9,30,10.84,10.82,300278
2012,11,21,15,59,10.93,10.92,456515
2012,11,23,9,30,10.98,11.00,263078
2012,11,23,12,59,11.09,11.09,386795
2012,11,26,9,30,11.05,11.09,612458
2012,11,26,15,59,11.09,11.10,1544779
2012,11,27,9,30,11.10,11.11,511383
2012,11,27,15,59,11.11,11.10,511194
2012,11,28,9,30,11.05,11.08,436519
2012,11,28,15,59,11.25,11.25,659614
2012,11,29,9,30,11.32,11.34,580933
2012,11,29,15,59,11.51,11.53,1154247
2012,11,30,9,30,11.51,11.51,543360
2012,11,30,15,59,11.46,11.44,855447
2012,12,3,9,30,11.56,11.54,1499130
2012,12,3,15,59,11.41,11.42,1311786
2012,12,4,9,30,11.40,11.41,526333
2012,12,4,15,59,11.32,11.31,945496
2012,12,5,9,30,11.33,11.33,279818
2012,12,5,15,59,11.29,11.30,492423
2012,12,6,9,30,11.26,11.29,395471
2012,12,6,15,59,11.22,11.23,907195
2012,12,7,9,30,11.27,11.28,573263
2012,12,7,15,59,11.47,11.48,831642
2012,12,10,9,30,11.41,11.43,532692
2012,12,10,15,59,11.48,11.47,459254
2012,12,11,9,30,11.51,11.49,519349
2012,12,11,15,59,11.49,11.48,835574
2012,12,12,9,30,11.52,11.52,552830
2012,12,12,15,59,11.47,11.48,528196
2012,12,13,9,30,11.46,11.45,336894
2012,12,13,15,59,11.28,11.28,491299
2012,12,14,9,30,11.27,11.25,360500
2012,12,14,15,59,11.10,11.10,1356134
2012,12,17,9,30,11.16,11.16,496451
2012,12,17,15,59,11.40,11.40,813730
2012,12,18,9,30,11.48,11.45,638124
2012,12,18,15,59,11.66,11.66,884906
2012,12,19,9,30,11.79,11.73,1481180
2012,12,19,15,59,11.75,11.74,745197
2012,12,20,9,30,11.74,11.76,565212
2012,12,20,15,59,11.78,11.77,1635832
2012,12,21,9,30,11.54,11.51,138638
2012,12,21,15,59,11.75,11.85,7128463
2012,12,24,9,30,11.67,11.71,663528
2012,12,24,12,59,12.36,12.40,4748154
2012,12,26,9,30,12.31,12.32,996187
2012,12,26,15,59,12.74,12.78,5258996
2012,12,27,9,30,12.79,12.73,1166160
2012,12,27,15,59,12.76,12.74,2268806
2012,12,28,9,30,12.55,12.55,963010
2012,12,28,15,59,12.87,12.82,3362562
2012,12,31,9,30,12.88,12.85,996657
2012,12,31,15,59,12.97,12.95,1870814
2013,1,2,9,30,13.23,13.26,2403375
2013,1,2,15,59,13.20,13.20,1289053
2013,1,3,9,30,13.24,13.10,2987406
2013,1,3,15,59,13.43,13.45,872644
2013,1,4,9,30,13.51,13.47,1035594
2013,1,4,15,59,13.55,13.55,609199
2013,1,7,9,30,13.52,13.52,873835
2013,1,7,15,59,13.42,13.41,1106824
2013,1,8,9,30,13.38,13.43,766511
2013,1,8,15,59,13.33,13.34,694129
2013,1,9,9,30,13.40,13.44,552186
2013,1,9,15,59,13.47,13.48,836975
2013,1,10,9,30,13.79,13.84,2649735
2013,1,10,15,59,13.82,13.85,1394846
2013,1,11,9,30,14.00,13.96,1949532
2013,1,11,15,59,13.97,13.99,1296227
2013,1,14,9,30,14.04,14.03,1113330
2013,1,14,15,59,13.98,13.99,866451
2013,1,15,9,30,13.91,13.92,657602
2013,1,15,15,59,14.28,14.30,1417972
2013,1,16,9,30,14.16,14.20,1033207
2013,1,16,15,59,14.21,14.21,754935
2013,1,17,9,30,14.27,14.26,722425
2013,1,17,15,59,14.22,14.23,1071534
2013,1,18,9,30,14.10,14.12,4543186
2013,1,18,15,59,14.09,14.10,927366
2013,1,22,9,30,14.06,14.06,698184
2013,1,22,15,59,14.16,14.17,475617
2013,1,23,9,30,14.00,14.00,1409412
2013,1,23,15,59,13.88,13.88,715650
2013,1,24,9,30,13.82,13.84,714614
2013,1,24,15,59,13.87,13.87,873934
2013,1,25,9,30,13.83,13.81,880569
2013,1,25,15,59,13.65,13.67,1462767
2013,1,28,9,30,13.48,13.63,3138176
2013,1,28,15,59,13.82,13.79,799856
2013,1,29,9,30,13.55,13.30,3874221
2013,1,29,15,59,13.15,13.14,1069245
2013,1,30,9,30,13.02,13.04,1339353
2013,1,30,15,59,12.90,12.91,933214
2013,1,31,9,30,12.86,12.82,1104875
2013,1,31,15,59,12.97,12.96,467909
2013,2,1,9,30,13.10,13.07,2092149
2013,2,1,15,59,13.02,13.01,542859
2013,2,4,9,30,12.94,12.96,1181483
2013,2,4,15,59,12.88,12.88,372315
2013,2,5,9,30,12.97,12.96,552273
2013,2,5,15,59,13.19,13.19,550461
2013,2,6,9,30,13.14,13.11,652715
2013,2,6,15,59,13.19,13.20,384947
2013,2,7,9,30,13.26,13.26,459359
2013,2,7,15,59,13.05,13.07,431605
2013,2,8,9,30,13.10,13.11,349033
2013,2,8,15,59,13.08,13.09,761836
2013,2,11,9,30,13.07,13.07,383115
2013,2,11,15,59,13.11,13.11,297093
2013,2,12,9,30,13.11,13.12,313305
2013,2,12,15,59,13.06,13.07,546933
2013,2,13,9,30,13.11,13.10,395923
2013,2,13,15,59,13.03,13.03,510511
2013,2,14,9,30,13.00,12.98,505183
2013,2,14,15,59,13.11,13.11,315308
2013,2,15,9,30,13.14,13.13,2968604
2013,2,15,15,59,13.02,13.03,747870
2013,2,19,9,30,13.04,13.08,899070
2013,2,19,15,59,12.99,12.98,519258
2013,2,20,9,30,12.96,12.96,352701
2013,2,20,15,59,12.60,12.58,1213774
2013,2,21,9,30,12.51,12.34,1983763
2013,2,21,15,59,12.38,12.38,437208
2013,2,22,9,30,12.44,12.41,591894
2013,2,22,15,59,12.47,12.47,368577
2013,2,25,9,30,12.53,12.55,566304
2013,2,25,15,59,12.12,12.12,725044
2013,2,26,9,30,12.25,12.28,522382
2013,2,26,15,59,12.32,12.33,675907
2013,2,27,9,30,12.35,12.35,308671
2013,2,27,15,59,12.76,12.77,589203
2013,2,28,9,30,12.78,12.81,454024
2013,2,28,15,59,12.61,12.60,833552
2013,3,1,9,30,12.56,12.52,1231581
2013,3,1,15,59,12.61,12.61,661954
2013,3,4,9,30,12.55,12.56,496448
2013,3,4,15,59,12.75,12.74,680264
2013,3,5,9,30,12.87,12.87,737877
2013,3,5,15,59,12.87,12.88,662203
2013,3,6,9,30,12.97,13.00,633564
2013,3,6,15,59,12.88,12.88,570436
2013,3,7,9,30,12.90,12.89,397870
2013,3,7,15,59,12.84,12.83,504234
2013,3,8,9,30,12.94,12.95,618205
2013,3,8,15,59,12.97,12.97,452920
2013,3,11,9,30,12.97,12.91,554340
2013,3,11,15,59,13.35,13.35,1016400
2013,3,12,9,30,13.37,13.38,553379
2013,3,12,15,59,13.39,13.40,570101
2013,3,13,9,30,13.37,13.38,470103
2013,3,13,15,59,13.39,13.39,357676
2013,3,14,9,30,13.44,13.42,1018506
2013,3,14,15,59,13.43,13.43,834431
2013,3,15,9,30,13.31,13.32,5343284
2013,3,15,15,59,13.45,13.44,800884
2013,3,18,9,30,13.14,12.91,3693975
2013,3,18,15,59,13.26,13.27,1109429
2013,3,19,9,30,13.27,13.28,359867
2013,3,19,15,59,13.16,13.17,400826
2013,3,20,9,30,13.22,13.24,419209
2013,3,20,15,59,13.36,13.37,791628
2013,3,21,9,30,13.25,13.29,396949
2013,3,21,15,59,13.27,13.28,527088
2013,3,22,9,30,13.25,13.28,711364
2013,3,22,15,59,13.26,13.27,450031
2013,3,25,9,30,13.31,13.31,420472
2013,3,25,15,59,13.30,13.30,443792
2013,3,26,9,30,13.35,13.34,318631
2013,3,26,15,59,13.31,13.30,437488
2013,3,27,9,30,13.23,13.21,930503
2013,3,27,15,59,13.20,13.21,613781
2013,3,28,9,30,13.24,13.22,295713
2013,3,28,15,59,13.14,13.14,745542
2013,4,1,9,30,13.01,12.98,1522956
2013,4,1,15,59,12.91,12.90,659148
2013,4,2,9,30,12.98,12.97,735077
2013,4,2,15,59,13.01,13.02,516836
2013,4,3,9,30,13.03,13.02,379400
2013,4,3,15,59,12.68,12.68,615077
2013,4,4,9,30,12.67,12.65,453401
2013,4,4,15,59,12.65,12.66,647312
2013,4,5,9,30,12.43,12.25,1905265
2013,4,5,15,59,12.45,12.43,1689192
2013,4,8,9,30,12.45,12.44,555180
2013,4,8,15,59,12.75,12.78,642034
2013,4,9,9,30,12.85,12.88,562749
2013,4,9,15,59,12.80,12.79,276574
2013,4,10,9,30,12.87,12.87,385094
2013,4,10,15,59,13.11,13.11,878174
2013,4,11,9,30,13.15,13.16,580418
2013,4,11,15,59,13.54,13.55,910228
2013,4,12,9,30,13.43,13.42,904308
2013,4,12,15,59,13.52,13.53,414269
2013,4,15,9,30,13.36,13.42,688793
2013,4,15,15,59,12.97,12.95,765542
2013,4,16,9,30,13.17,13.19,885601
2013,4,16,15,59,13.12,13.11,502668
2013,4,17,9,30,12.98,12.94,611839
2013,4,17,15,59,12.94,12.92,464548
2013,4,18,9,30,12.94,12.94,448351
2013,4,18,15,59,12.75,12.76,342030
2013,4,19,9,30,12.88,12.86,2298800
2013,4,19,15,59,12.93,12.92,731484
2013,4,22,9,30,12.94,12.98,396852
2013,4,22,15,59,13.03,13.05,571349
2013,4,23,9,30,13.12,13.12,446983
2013,4,23,15,59,13.38,13.37,636177
2013,4,24,9,30,13.48,13.49,842085
2013,4,24,15,59,13.32,13.33,666248
2013,4,25,9,30,13.40,13.45,612287
2013,4,25,15,59,13.47,13.48,856851
2013,4,26,9,30,13.52,13.52,532173
2013,4,26,15,59,13.69,13.68,1029592
2013,4,29,9,30,13.73,13.71,595711
2013,4,29,15,59,13.65,13.65,428496
2013,4,30,9,30,13.64,13.65,326673
2013,4,30,15,59,13.71,13.71,848431
2013,5,1,9,30,13.64,13.68,514105
2013,5,1,15,59,13.38,13.36,1061895
2013,5,2,9,30,13.54,13.54,56002
2013,5,2,15,59,13.41,13.40,443594
2013,5,3,9,30,13.58,13.60,17587
2013,5,3,15,59,13.83,13.82,792506
2013,5,6,9,30,13.87,13.87,608598
2013,5,6,15,59,14.09,14.09,455369
2013,5,7,9,30,14.20,14.19,780338
2013,5,7,15,59,14.19,14.19,503601
2013,5,8,9,30,14.15,14.15,497628
2013,5,8,15,59,14.21,14.22,640344
2013,5,9,9,30,14.20,14.22,291611
2013,5,9,15,59,14.20,14.19,625632
2013,5,10,9,30,14.18,14.19,376621
2013,5,10,15,59,14.10,14.10,333309
2013,5,13,9,30,14.10,14.12,376893
2013,5,13,15,59,14.01,14.00,289377
2013,5,14,9,30,14.00,14.00,338540
2013,5,14,15,59,14.27,14.28,708341
2013,5,15,9,30,14.28,14.29,405779
2013,5,15,15,59,14.65,14.66,958608
2013,5,16,9,30,14.77,14.80,899771
2013,5,16,15,59,14.62,14.65,670494
2013,5,17,9,30,14.80,14.79,1744149
2013,5,17,15,59,15.06,15.06,671282
2013,5,20,9,30,15.02,15.07,1315432
2013,5,20,15,59,15.04,15.04,395470
2013,5,21,9,30,15.07,15.10,771785
2013,5,21,15,59,14.95,14.95,410421
2013,5,22,9,30,15.08,15.08,889903
2013,5,22,15,59,14.96,14.96,476331
2013,5,23,9,30,14.47,14.39,3107089
2013,5,23,15,59,14.81,14.81,980523
2013,5,24,9,30,14.71,14.71,684551
2013,5,24,15,59,14.80,14.79,407075
2013,5,28,9,30,15.22,15.24,2047144
2013,5,28,15,59,15.28,15.28,779275
2013,5,29,9,30,15.27,15.27,811044
2013,5,29,15,59,15.63,15.63,606513
2013,5,30,9,30,15.76,15.76,1360902
2013,5,30,15,59,15.91,15.90,581569
2013,5,31,9,30,15.88,15.89,706450
2013,5,31,15,59,15.71,15.69,778730
2013,6,3,9,30,15.94,15.93,1481988
2013,6,3,15,59,15.88,15.88,693612
2013,6,4,9,30,15.98,15.98,893356
2013,6,4,15,59,15.79,15.79,511713
2013,6,5,9,30,15.70,15.68,717141
2013,6,5,15,59,15.25,15.25,962360
2013,6,6,9,30,15.25,15.23,674965
2013,6,6,15,59,15.42,15.44,847108
2013,6,7,9,30,15.58,15.62,817811
2013,6,7,15,59,15.74,15.73,676345
2013,6,10,9,30,15.86,15.89,720110
2013,6,10,15,59,15.71,15.71,368498
2013,6,11,9,30,15.52,15.47,739523
2013,6,11,15,59,15.51,15.50,448574
2013,6,12,9,30,15.63,15.66,379610
2013,6,12,15,59,15.36,15.37,510731
2013,6,13,9,30,15.31,15.29,624748
2013,6,13,15,59,15.56,15.58,374678
2013,6,14,9,30,15.54,15.55,610987
2013,6,14,15,59,15.37,15.36,486314
2013,6,17,9,30,15.53,15.55,437237
2013,6,17,15,59,15.53,15.55,796154
2013,6,18,9,30,15.54,15.57,327315
2013,6,18,15,59,15.67,15.67,619694
2013,6,19,9,30,15.60,15.60,444691
2013,6,19,15,59,15.33,15.31,817202
2013,6,20,9,30,15.20,15.21,903263
2013,6,20,15,59,14.83,14.83,805993
2013,6,21,9,30,15.02,14.99,5110787
2013,6,21,15,59,15.00,14.99,756743
2013,6,24,9,30,14.67,14.61,1025330
2013,6,24,15,59,14.68,14.68,783288
2013,6,25,9,30,14.85,14.88,643441
2013,6,25,15,59,14.96,14.97,693864
2013,6,26,9,30,15.16,15.16,710327
2013,6,26,15,59,15.30,15.29,541162
2013,6,27,9,30,15.43,15.42,391056
2013,6,27,15,59,15.66,15.66,666261
2013,6,28,9,30,15.56,15.56,621344
2013,6,28,15,59,15.49,15.45,1933327
2013,7,1,9,30,15.61,15.61,460498
2013,7,1,15,59,15.74,15.74,717499
2013,7,2,9,30,15.77,15.74,768984
2013,7,2,15,59,16.18,16.18,878751
2013,7,3,9,30,16.16,16.16,756864
2013,7,3,12,59,16.41,16.42,654456
2013,7,5,9,30,16.53,16.58,2229939
2013,7,5,15,59,16.70,16.71,719658
2013,7,8,9,30,16.85,16.81,1066564
2013,7,8,15,59,16.80,16.81,464234
2013,7,9,9,30,16.85,16.89,699298
2013,7,9,15,59,16.82,16.83,359391
2013,7,10,9,30,16.76,16.77,612395
2013,7,10,15,59,16.71,16.73,383005
2013,7,11,9,30,16.95,16.94,786868
2013,7,11,15,59,16.98,16.98,549603
2013,7,12,9,30,16.97,16.97,492807
2013,7,12,15,59,17.10,17.09,531754
2013,7,15,9,30,17.24,17.22,771754
2013,7,15,15,59,17.11,17.11,1143470
2013,7,16,9,30,16.95,16.94,202224
2013,7,16,15,59,16.59,16.59,735756
2013,7,17,9,30,16.64,16.66,531733
2013,7,17,15,59,16.77,16.76,320823
2013,7,18,9,30,16.82,16.84,44887
2013,7,18,15,59,16.95,16.94,411582
2013,7,19,9,30,16.89,16.86,3011718
2013,7,19,15,59,16.75,16.76,612834
2013,7,22,9,30,16.88,16.86,675294
2013,7,22,15,59,17.04,17.04,761559
2013,7,23,9,30,17.16,17.12,916735
2013,7,23,15,59,16.95,16.95,582542
2013,7,24,9,30,17.48,17.48,2045328
2013,7,24,15,59,17.37,17.37,629648
2013,7,25,9,30,17.26,17.21,985958
2013,7,25,15,59,16.93,16.95,910817
2013,7,26,9,30,16.92,16.93,568640
2013,7,26,15,59,17.03,17.03,599552
2013,7,29,9,30,17.08,17.09,577874
2013,7,29,15,59,17.09,17.08,507147
2013,7,30,9,30,17.19,17.22,621038
2013,7,30,15,59,17.09,17.10,375093
2013,7,31,9,30,17.09,17.07,541935
2013,7,31,15,59,16.88,16.88,700188
2013,8,1,9,30,17.04,17.04,1066593
2013,8,1,15,59,17.20,17.18,603543
2013,8,2,9,30,17.13,17.16,833453
2013,8,2,15,59,17.49,17.49,622088
2013,8,5,9,30,17.44,17.46,898438
2013,8,5,15,59,17.17,17.18,611200
2013,8,6,9,30,17.18,17.21,679770
2013,8,6,15,59,17.03,17.02,379786
2013,8,7,9,30,16.95,16.93,750756
2013,8,7,15,59,16.77,16.76,575040
2013,8,8,9,30,16.93,16.97,808876
2013,8,8,15,59,16.98,16.98,615572
2013,8,9,9,30,16.93,16.95,337179
2013,8,9,15,59,17.02,17.01,548195
2013,8,12,9,30,16.91,16.91,499834
2013,8,12,15,59,17.08,17.07,333143
2013,8,13,9,30,17.15,17.17,392977
2013,8,13,15,59,17.05,17.06,368411
2013,8,14,9,30,17.04,17.02,302451
2013,8,14,15,59,16.89,16.88,491328
2013,8,15,9,30,16.71,16.58,1791351
2013,8,15,15,59,16.43,16.43,631239
2013,8,16,9,30,16.46,16.45,1988271
2013,8,16,15,59,16.29,16.29,516766
2013,8,19,9,30,16.29,16.29,389410
2013,8,19,15,59,16.12,16.11,680654
2013,8,20,9,30,16.06,15.93,2404216
2013,8,20,15,59,16.32,16.32,495744
2013,8,21,9,30,16.32,16.29,482689
2013,8,21,15,59,16.24,16.24,452537
2013,8,22,9,30,16.30,16.26,78504
2013,8,22,15,59,16.43,16.41,416305
2013,8,23,9,30,16.47,16.49,335775
2013,8,23,15,59,16.45,16.44,936697
2013,8,26,9,30,16.41,16.44,337161
2013,8,26,15,59,16.43,16.41,544039
2013,8,27,9,30,16.16,16.12,871716
2013,8,27,15,59,15.88,15.87,780618
2013,8,28,9,30,15.87,15.86,565086
2013,8,28,15,59,16.02,16.04,537514
2013,8,29,9,30,16.21,16.20,732993
2013,8,29,15,59,16.50,16.51,721356
2013,8,30,9,30,16.58,16.57,545875
2013,8,30,15,59,16.18,16.18,1113453
2013,9,3,9,30,16.42,16.48,1051124
2013,9,3,15,59,16.32,16.33,505365
2013,9,4,9,30,16.38,16.52,1659308
2013,9,4,15,59,16.89,16.91,558018
2013,9,5,9,30,17.10,17.04,348299
2013,9,5,15,59,17.30,17.29,701168
2013,9,6,9,30,17.33,17.29,1286740
2013,9,6,15,59,16.99,16.99,598325
2013,9,9,9,30,17.11,17.13,596204
2013,9,9,15,59,17.30,17.30,460715
2013,9,10,9,30,17.49,17.46,961227
2013,9,10,15,59,17.55,17.55,659870
2013,9,11,9,30,17.49,17.52,650129
2013,9,11,15,59,17.53,17.52,378131
2013,9,12,9,30,17.54,17.54,515392
2013,9,12,15,59,17.38,17.39,457051
2013,9,13,9,30,17.45,17.48,431026
2013,9,13,15,59,17.33,17.33,544818
2013,9,16,9,30,17.52,17.56,862212
2013,9,16,15,59,17.34,17.35,377153
2013,9,17,9,30,17.35,17.38,355588
2013,9,17,15,59,17.44,17.45,415026
2013,9,18,9,30,17.32,17.38,573754
2013,9,18,15,59,17.62,17.63,565973
2013,9,19,9,30,17.75,17.76,696710
2013,9,19,15,59,17.66,17.67,498053
2013,9,20,9,30,17.71,17.65,4045712
2013,9,20,15,59,17.39,17.38,511821
2013,9,23,9,30,17.26,17.27,760596
2013,9,23,15,59,17.22,17.20,425286
2013,9,24,9,30,17.24,17.26,453119
2013,9,24,15,59,17.23,17.25,622943
2013,9,25,9,30,17.25,17.26,381531
2013,9,25,15,59,17.22,17.21,395543
2013,9,26,9,30,17.26,17.28,471542
2013,9,26,15,59,17.25,17.26,430625
2013,9,27,9,30,17.17,17.19,497745
2013,9,27,15,59,17.04,17.04,950958
2013,9,30,9,30,16.77,16.73,1987237
2013,9,30,15,59,16.86,16.86,768473
2013,10,1,9,30,16.93,17.12,367706
2013,10,1,15,59,17.14,17.18,645024
2013,10,2,9,30,17.07,17.08,644177
2013,10,2,15,59,17.20,17.20,528461
2013,10,3,9,30,17.11,17.09,452956
2013,10,3,15,59,16.95,16.95,290409
2013,10,4,9,30,16.97,16.98,287876
2013,10,4,15,59,17.07,17.07,591582
2013,10,7,9,30,16.86,16.83,583005
2013,10,7,15,59,16.84,16.82,627782
2013,10,8,9,30,16.83,16.84,410905
2013,10,8,15,59,16.50,16.51,663884
2013,10,9,9,30,16.51,16.52,715968
2013,10,9,15,59,16.64,16.62,454672
2013,10,10,9,30,16.87,16.86,810722
2013,10,10,15,59,16.91,16.92,406309
2013,10,11,9,30,17.02,16.98,598566
2013,10,11,15,59,17.09,17.10,535953
2013,10,14,9,30,16.93,16.95,581055
2013,10,14,15,59,17.17,17.19,375367
2013,10,15,9,30,17.18,17.19,57758
2013,10,15,15,59,16.99,16.97,531270
2013,10,16,9,30,17.08,17.11,493663
2013,10,16,15,59,17.29,17.29,519393
2013,10,17,9,30,17.25,17.28,711058
2013,10,17,15,59,17.46,17.44,718160
2013,10,18,9,30,17.53,17.51,2263068
2013,10,18,15,59,17.52,17.52,832664
2013,10,21,9,30,17.59,17.57,554300
2013,10,21,15,59,17.48,17.50,466865
2013,10,22,9,30,17.57,17.55,446716
2013,10,22,15,59,17.61,17.61,497640
2013,10,23,9,30,17.68,17.67,638234
2013,10,23,15,59,17.52,17.50,985045
2013,10,24,9,30,18.01,17.94,3272403
2013,10,24,15,59,17.76,17.75,579209
2013,10,25,9,30,17.81,17.77,732415
2013,10,25,15,59,17.61,17.60,650510
2013,10,28,9,30,17.66,17.71,553241
2013,10,28,15,59,17.56,17.57,459153
2013,10,29,9,30,17.57,17.56,502391
2013,10,29,15,59,17.59,17.61,1703016
2013,10,30,9,30,17.62,17.60,423766
2013,10,30,15,59,17.34,17.34,411144
2013,10,31,9,30,17.29,17.23,723149
2013,10,31,15,59,17.12,17.12,658278
2013,11,1,9,30,17.24,17.19,103444
2013,11,1,15,59,16.91,16.89,898107
2013,11,4,9,30,16.97,16.99,1064756
2013,11,4,15,59,17.00,16.99,529873
2013,11,5,9,30,16.89,16.93,549958
2013,11,5,15,59,17.10,17.09,541563
2013,11,6,9,30,17.17,17.13,580431
2013,11,6,15,59,16.89,16.90,553438
2013,11,7,9,30,16.90,16.90,608781
2013,11,7,15,59,16.55,16.55,494322
2013,11,8,9,30,16.65,16.69,639860
2013,11,8,15,59,16.82,16.85,1035658
2013,11,11,9,30,16.87,16.85,572155
2013,11,11,15,59,16.88,16.89,375910
2013,11,12,9,30,16.80,16.80,509720
2013,11,12,15,59,16.73,16.72,532889
2013,11,13,9,30,16.66,16.69,415771
2013,11,13,15,59,17.10,17.10,535724
2013,11,14,9,30,17.09,17.12,517850
2013,11,14,15,59,17.09,17.09,582670
2013,11,15,9,30,17.12,17.14,1592370
2013,11,15,15,59,17.06,17.06,566892
2013,11,18,9,30,17.07,17.07,522144
2013,11,18,15,59,16.96,16.97,312899
2013,11,19,9,30,16.99,17.02,391878
2013,11,19,15,59,16.86,16.86,555472
2013,11,20,9,30,16.91,16.88,379559
2013,11,20,15,59,16.93,16.93,418288
2013,11,21,9,30,17.01,17.05,670505
2013,11,21,15,59,17.09,17.10,555181
2013,11,22,9,30,17.12,17.09,376758
2013,11,22,15,59,17.02,17.00,977427
2013,11,25,9,30,17.10,17.11,588995
2013,11,25,15,59,16.95,16.95,888892
2013,11,26,9,30,17.05,17.02,481244
2013,11,26,15,59,16.88,16.87,603116
2013,11,27,9,30,16.86,16.87,325525
2013,11,27,15,59,17.05,17.05,618352
2013,11,29,9,30,17.06,17.05,372312
2013,11,29,12,59,17.07,17.08,349602
2013,12,2,9,30,17.13,17.16,614451
2013,12,2,15,59,17.04,17.07,431333
2013,12,3,9,30,17.05,17.16,1373372
2013,12,3,15,59,16.56,16.56,989951
2013,12,4,9,30,16.62,16.59,621778
2013,12,4,15,59,16.64,16.62,697858
2013,12,5,9,30,16.66,16.63,579467
2013,12,5,15,59,16.73,16.75,800167
2013,12,6,9,30,16.92,16.92,656058
2013,12,6,15,59,16.68,16.69,900974
2013,12,9,9,30,16.68,16.69,447159
2013,12,9,15,59,16.55,16.56,905838
2013,12,10,9,30,16.53,16.65,706848
2013,12,10,15,59,16.55,16.53,1090398
2013,12,11,9,30,16.54,16.53,454898
2013,12,11,15,59,16.42,16.41,906154
2013,12,12,9,30,16.36,16.33,38720
2013,12,12,15,59,16.39,16.38,317125
2013,12,13,9,30,16.47,16.48,43790
2013,12,13,15,59,16.59,16.59,596546
2013,12,16,9,30,16.70,16.75,828693
2013,12,16,15,59,16.87,16.87,775307
2013,12,17,9,30,16.86,16.88,436043
2013,12,17,15,59,16.70,16.69,583830
2013,12,18,9,30,15.99,15.70,5760092
2013,12,18,15,59,15.62,15.65,1645207
2013,12,19,9,30,15.46,15.39,1792818
2013,12,19,15,59,15.29,15.28,1695568
2013,12,20,9,30,15.36,15.37,4276534
2013,12,20,15,59,15.40,15.42,999785
2013,12,23,9,30,15.51,15.48,648017
2013,12,23,15,59,15.14,15.15,840453
2013,12,24,9,30,15.20,15.19,723556
2013,12,24,12,59,15.18,15.18,496606
2013,12,26,9,30,15.23,15.25,502040
2013,12,26,15,59,15.33,15.33,530634
2013,12,27,9,30,15.35,15.33,475990
2013,12,27,15,59,15.28,15.28,440272
2013,12,30,9,30,15.36,15.34,814884
2013,12,30,15,59,15.27,15.28,739475
2013,12,31,9,30,15.29,15.29,441742
2013,12,31,15,59,15.40,15.42,784936
