Date,AAPL,ABEV,BAC,DB,F,GE,GLD,GOOG,LQD,MCD,MSFT,PCY,QQQ,SHY,SPY,TEVA,XLU,XOM
2013-12-31,80.15,7.35,15.57,48.24,15.43,28.03,116.12,559.79,114.19,97.03,37.41,27.0,87.96,84.38,184.69,40.08,37.97,101.2
2014-01-02,79.02,7.28,16.1,46.66,15.44,27.5,118.0,556.0,114.41,96.41,37.16,27.03,87.27,84.42,182.92,40.26,37.39,99.75
2014-01-03,77.28,7.14,16.41,46.79,15.51,27.48,119.29,551.95,114.58,96.54,36.91,27.0,86.64,84.39,182.88,39.88,37.27,99.51
2014-01-06,77.7,6.98,16.66,47.12,15.58,27.26,119.5,558.1,114.83,95.85,36.13,27.19,86.32,84.4,182.36,40.49,37.33,99.66
2014-01-07,77.15,7.25,16.5,48.2,15.38,27.29,118.82,568.86,114.74,96.38,36.41,27.25,87.12,84.4,183.48,41.21,37.66,101.07
2014-01-08,77.64,7.25,16.58,49.38,15.54,27.21,118.12,570.04,114.25,95.41,35.76,27.14,87.31,84.32,183.52,41.05,37.46,100.74
2014-01-09,76.65,7.08,16.83,49.3,15.84,27.22,118.46,564.55,114.51,95.46,35.53,27.12,87.02,84.34,183.64,41.57,37.68,99.76
2014-01-10,76.13,7.3,16.77,50.47,16.07,26.96,120.26,564.52,115.13,95.8,36.04,27.22,87.3,84.42,184.14,41.87,38.22,100.52
2014-01-13,76.53,7.24,16.43,51.96,16.11,26.73,121.02,560.93,115.35,94.83,34.98,27.32,86.01,84.44,181.68,41.43,37.83,98.55
2014-01-14,78.06,7.27,16.77,53.2,16.4,26.97,119.89,574.13,115.01,95.22,35.78,27.35,87.65,84.42,183.67,44.21,37.88,99.12
2014-01-15,79.62,7.15,17.15,54.39,16.7,27.34,119.66,573.74,115.04,95.46,36.76,27.28,88.37,84.39,184.66,44.01,37.81,98.78
2014-01-16,79.18,7.07,17.08,53.91,16.73,27.2,119.79,577.53,115.31,96.06,36.89,27.28,88.38,84.41,184.42,43.55,38.07,98.94
2014-01-17,77.24,7.08,17.01,52.27,16.52,26.58,120.93,574.69,115.44,94.93,36.38,27.33,87.88,84.41,183.64,44.27,38.06,99.16
2014-01-21,78.44,7.17,17.01,51.08,16.41,26.29,119.7,581.27,115.28,95.08,36.17,27.28,88.55,84.4,184.18,45.31,38.48,98.5
2014-01-22,78.79,7.18,17.15,50.69,16.55,25.99,119.19,581.93,115.0,94.88,35.93,27.16,88.78,84.36,184.3,44.31,38.52,97.88
2014-01-23,79.45,7.0,16.86,51.15,16.43,25.82,121.79,579.47,115.44,95.32,36.06,27.0,88.48,84.44,182.79,44.01,38.41,96.97
2014-01-24,78.01,6.72,16.45,49.75,15.83,24.95,122.29,561.35,115.36,94.43,36.8,26.87,86.74,84.47,178.89,42.93,37.98,94.85
2014-01-27,78.64,6.65,16.31,49.94,15.71,25.07,120.96,550.06,115.14,94.07,36.03,26.89,85.9,84.46,178.01,43.75,38.07,94.92
2014-01-28,72.36,6.68,16.73,50.58,15.72,25.46,120.95,560.94,115.7,94.18,36.27,26.97,85.85,84.46,179.07,44.1,38.21,95.65
2014-01-29,71.54,6.53,16.68,49.53,15.26,25.29,122.47,552.91,115.93,93.15,36.66,26.88,84.93,84.52,177.35,44.95,38.19,95.11
2014-01-30,71.4,6.56,16.93,50.17,15.25,25.5,119.77,567.13,115.99,93.8,36.86,26.82,86.5,84.51,179.23,45.58,38.78,93.99
2014-01-31,71.51,6.54,16.75,48.18,14.96,25.13,120.09,589.89,116.34,94.17,37.84,26.73,86.27,84.55,178.18,44.63,39.1,92.16
2014-02-03,71.65,6.23,16.35,46.93,14.55,24.35,121.32,566.15,116.74,93.02,36.48,26.72,84.29,84.55,174.17,44.01,38.79,90.05
2014-02-04,72.68,6.38,16.35,47.15,14.87,24.57,120.99,568.51,116.18,93.09,36.35,26.91,84.91,84.56,175.38,44.44,38.56,90.02
2014-02-05,73.23,6.41,16.4,47.53,14.73,24.52,121.29,571.03,115.81,93.58,35.82,27.0,84.69,84.52,175.17,45.39,38.39,89.58
2014-02-06,73.22,6.68,16.69,48.6,14.85,24.95,121.24,579.4,115.7,94.94,36.18,27.06,85.77,84.53,177.48,44.69,38.67,89.8
2014-02-07,74.24,6.8,16.82,48.58,14.97,25.19,122.17,588.13,116.06,95.92,36.56,27.17,87.3,84.55,179.68,44.52,38.88,90.58
2014-02-10,75.57,6.7,16.72,48.01,14.84,25.05,122.92,585.88,116.11,94.86,36.8,27.15,87.8,84.53,180.01,44.05,39.17,89.52
2014-02-11,76.57,6.87,16.88,48.58,14.96,25.43,124.36,594.49,115.87,95.34,37.18,27.19,88.8,84.51,181.98,44.0,39.54,90.84
2014-02-12,76.56,6.72,16.75,48.92,15.0,25.39,124.43,592.75,115.52,94.89,37.47,27.2,88.97,84.47,182.07,44.07,39.59,91.08
2014-02-13,77.78,6.83,16.75,49.0,15.08,25.44,125.49,599.35,116.0,95.46,37.61,27.12,89.63,84.52,183.01,43.85,40.02,91.43
2014-02-14,77.71,6.91,16.7,48.92,15.24,25.74,127.15,600.8,116.22,95.78,37.62,26.98,89.81,84.52,184.02,44.19,40.28,94.11
2014-02-18,78.0,6.72,16.47,49.39,15.39,25.65,127.4,604.83,116.46,96.02,37.42,27.11,90.25,84.55,184.24,45.67,40.42,94.07
2014-02-19,76.77,6.74,16.2,48.35,15.25,25.4,126.27,600.57,116.33,95.55,37.51,27.05,89.63,84.52,183.02,46.74,40.19,93.95
2014-02-20,75.88,6.97,16.3,48.33,15.27,25.12,127.6,601.45,116.18,95.75,37.75,27.05,90.05,84.53,184.1,48.2,40.5,95.37
2014-02-21,75.04,7.01,16.29,48.11,15.16,24.94,127.58,601.29,116.3,96.45,37.98,27.16,89.93,84.54,183.89,48.45,40.55,95.03
2014-02-24,75.36,7.03,16.53,48.88,15.18,25.29,128.99,605.65,116.36,96.5,37.69,27.34,90.41,84.54,184.91,48.2,40.45,96.44
2014-02-25,74.58,7.02,16.34,48.44,15.15,25.27,129.21,609.39,116.81,96.62,37.54,27.39,90.31,84.53,184.84,48.33,40.4,96.31
2014-02-26,73.91,7.08,16.33,47.84,15.26,25.3,128.11,609.47,117.19,95.89,37.47,27.27,90.23,84.57,184.85,48.16,40.27,95.79
2014-02-27,75.38,7.23,16.49,47.95,15.39,25.5,128.2,609.0,117.39,95.08,37.86,27.55,90.44,84.56,185.82,49.29,40.17,95.84
2014-02-28,75.18,7.2,16.53,48.34,15.39,25.47,127.62,607.22,117.32,95.15,38.31,27.55,90.34,84.56,186.29,49.89,40.45,96.27
2014-03-03,75.39,7.08,16.3,46.86,15.2,25.12,130.29,600.74,117.28,94.32,37.78,27.45,89.67,84.59,184.98,48.79,40.05,95.5
2014-03-04,75.89,7.18,16.73,47.65,15.37,25.65,128.68,606.85,116.65,94.98,38.41,27.53,90.81,84.52,187.58,49.41,40.34,96.52
2014-03-05,76.05,7.23,17.25,47.48,15.63,25.93,128.89,608.52,116.59,95.02,38.11,27.61,91.06,84.55,187.75,49.8,40.07,93.8
2014-03-06,75.82,7.25,17.35,48.33,15.67,26.22,130.17,609.2,116.24,95.58,38.15,27.58,90.98,84.5,188.18,49.82,39.87,93.76
2014-03-07,75.78,7.15,17.33,47.19,15.62,26.13,129.09,606.79,115.82,95.5,37.9,27.46,90.53,84.44,188.26,49.3,39.99,94.99
2014-03-10,75.85,7.05,17.47,46.51,15.51,26.04,129.13,605.18,115.64,95.2,37.82,27.4,90.61,84.45,188.16,50.02,39.89,95.5
2014-03-11,76.58,6.99,17.27,45.86,15.3,25.9,129.86,599.4,115.68,98.78,38.02,27.43,90.22,84.45,187.23,49.26,39.78,94.01
2014-03-12,76.66,7.07,17.28,45.32,15.4,25.76,131.76,603.05,116.09,98.71,38.27,27.38,90.56,84.48,187.28,48.76,40.28,94.21
2014-03-13,75.81,6.95,17.16,43.48,15.18,25.34,132.21,593.94,116.5,97.37,37.89,27.31,89.28,84.53,185.18,47.96,40.7,93.64
2014-03-14,74.96,6.93,16.8,43.3,15.08,25.11,133.1,585.81,116.37,97.58,37.7,27.31,88.67,84.51,184.66,48.88,40.89,93.47
2014-03-17,75.25,7.06,17.11,43.73,15.28,25.43,131.64,595.45,116.22,97.6,38.05,27.38,89.45,84.48,186.33,49.36,41.16,94.32
2014-03-18,75.91,7.12,17.19,44.59,15.49,25.65,130.62,605.02,116.58,97.31,39.55,27.49,90.53,84.5,187.66,49.91,41.1,94.71
2014-03-19,75.89,7.11,17.44,44.71,15.48,25.28,128.09,599.03,115.74,96.1,39.27,27.45,90.04,84.36,186.66,50.22,40.45,93.73
2014-03-20,75.53,7.16,17.92,44.81,15.55,25.27,127.86,597.98,115.9,96.6,40.33,27.43,90.29,84.37,187.75,49.83,40.54,94.58
2014-03-21,76.12,7.15,17.56,44.26,15.47,25.4,128.47,590.93,116.3,95.47,40.16,27.34,89.0,84.38,186.2,49.41,40.51,94.31
2014-03-24,77.03,7.16,17.37,43.91,15.39,25.41,126.18,578.39,116.52,96.18,40.5,27.56,88.22,84.34,185.43,49.13,40.62,94.64
2014-03-25,77.86,7.21,17.21,44.37,15.33,25.7,126.41,578.78,116.56,95.91,40.34,27.62,88.51,84.35,186.31,49.6,40.79,94.91
2014-03-26,77.11,7.18,17.18,44.11,15.25,25.62,125.41,565.42,117.01,95.84,39.79,27.74,87.37,84.41,184.97,48.88,40.62,94.7
2014-03-27,76.78,7.45,17.01,43.86,15.25,25.81,124.59,556.58,117.04,96.16,39.36,27.92,86.88,84.4,184.58,49.14,40.95,96.24
2014-03-28,76.69,7.46,16.98,44.32,15.45,25.88,124.56,559.51,116.95,97.24,40.3,27.94,87.05,84.4,185.49,49.45,41.01,97.7
2014-03-31,76.68,7.41,17.2,44.83,15.6,25.89,123.61,556.7,116.94,98.03,40.99,28.0,87.67,84.45,187.01,52.84,41.46,97.68
2014-04-01,77.38,7.5,17.34,45.87,16.32,25.87,123.39,566.88,116.31,97.9,41.42,28.09,89.21,84.38,188.25,53.07,41.17,97.73
2014-04-02,77.51,7.58,17.23,46.03,16.46,26.04,124.32,566.98,116.15,97.59,41.35,28.02,89.44,84.35,188.88,53.32,41.11,97.95
2014-04-03,76.97,7.5,17.15,45.02,16.39,26.23,123.92,569.74,116.37,97.66,41.01,27.98,88.73,84.37,188.63,54.06,41.24,97.93
2014-04-04,75.97,7.49,16.72,45.04,16.13,26.02,125.57,543.14,116.83,97.87,39.87,28.08,86.37,84.44,186.4,53.0,41.46,97.36
2014-04-07,74.78,7.54,16.38,44.36,15.94,25.85,124.91,538.15,117.11,97.01,39.8,28.06,85.55,84.44,184.34,51.51,41.39,96.78
2014-04-08,74.78,7.56,16.44,44.41,16.1,25.75,126.09,554.9,117.42,98.08,39.82,28.15,86.34,84.46,185.1,50.9,41.98,97.45
2014-04-09,75.76,7.59,16.62,45.21,15.84,25.95,126.32,564.14,117.52,98.35,40.47,28.19,87.82,84.5,187.09,52.19,41.89,97.33
2014-04-10,74.78,7.64,16.12,43.96,15.63,25.58,127.01,540.95,117.68,99.43,39.36,28.26,85.1,84.55,183.16,51.01,41.73,96.78
2014-04-11,74.23,7.8,15.77,43.31,15.63,25.43,126.93,530.6,117.76,99.29,39.21,28.27,84.11,84.54,181.51,50.33,41.69,96.72
2014-04-14,74.53,7.77,16.0,43.75,15.7,25.71,127.85,532.52,117.84,100.11,39.18,28.26,84.77,84.53,182.94,49.95,41.94,97.86
2014-04-15,73.99,7.7,16.39,43.26,15.84,25.82,125.49,536.44,118.09,100.83,39.75,28.09,85.05,84.53,184.2,49.61,42.52,98.68
2014-04-16,74.14,7.73,16.13,43.48,16.07,26.12,125.54,556.54,118.14,100.83,40.4,28.13,86.18,84.5,186.12,49.91,42.83,99.94
2014-04-17,74.99,7.77,16.15,44.29,16.0,26.56,124.75,536.1,117.46,100.25,40.01,28.24,86.2,84.48,186.39,50.85,42.3,100.42
2014-04-21,75.88,7.8,16.09,44.14,15.98,26.59,124.24,528.62,117.62,99.67,39.94,28.27,86.84,84.48,187.04,50.67,42.25,100.93
2014-04-22,75.96,7.9,16.29,44.47,16.1,26.58,123.78,534.81,117.68,99.32,39.99,28.24,87.53,84.44,187.89,51.45,42.31,100.37
2014-04-23,74.96,7.86,16.37,44.28,16.23,26.42,123.76,526.94,117.94,99.13,39.69,28.2,86.76,84.48,187.45,50.67,42.33,100.5
2014-04-24,81.11,7.81,16.34,43.98,16.32,26.46,124.56,525.16,117.96,99.84,39.86,28.11,87.59,84.46,187.83,49.84,42.62,100.01
2014-04-25,81.71,7.67,15.95,43.2,15.78,26.6,125.43,516.18,117.94,100.73,39.91,28.0,86.19,84.47,186.29,48.69,43.11,100.41
2014-04-28,84.87,7.7,14.95,43.57,15.97,26.78,124.88,517.15,117.8,100.31,40.87,28.05,86.47,84.47,186.88,49.32,43.32,101.17
2014-04-29,84.62,7.64,15.24,44.45,16.12,26.76,124.86,527.7,117.82,101.5,40.51,28.18,87.16,84.46,187.75,49.56,43.14,101.45
2014-04-30,84.3,7.25,15.14,44.03,16.15,26.89,124.22,526.66,118.15,101.38,40.4,28.26,87.39,84.52,188.31,48.86,43.21,102.41
2014-05-01,84.5,7.15,15.09,44.2,15.91,26.77,123.8,531.35,118.3,100.96,40.0,28.3,87.65,84.5,188.32,50.97,43.39,101.41
2014-05-02,84.65,7.24,15.25,43.8,15.9,26.68,125.06,527.93,118.55,101.43,39.69,28.33,87.49,84.49,188.06,49.86,42.5,102.01
2014-05-05,85.85,7.32,15.08,43.39,15.74,26.58,126.22,527.81,118.25,101.14,39.43,28.31,87.95,84.5,188.42,50.65,42.88,102.91
2014-05-06,84.92,7.41,14.73,42.41,15.56,26.19,125.98,515.14,118.45,100.95,39.06,28.49,86.81,84.47,186.78,49.58,42.67,102.67
2014-05-07,84.62,7.28,14.8,42.59,15.46,26.53,124.17,509.96,118.47,101.96,39.42,28.68,86.56,84.5,187.88,50.38,43.36,103.11
2014-05-08,84.0,7.34,14.93,42.87,15.81,26.44,124.17,511.0,118.5,101.95,39.64,28.85,86.48,84.52,187.68,50.0,42.89,102.32
2014-05-09,83.65,7.39,14.74,42.47,15.77,26.42,124.1,518.73,118.37,102.93,39.54,28.83,86.8,84.55,187.96,49.25,42.26,101.95
2014-05-12,84.69,7.49,15.07,42.92,15.84,26.85,124.94,529.92,118.07,102.86,39.97,28.82,88.23,84.53,189.78,49.99,41.87,102.23
2014-05-13,84.82,7.44,15.03,43.0,15.86,26.92,124.6,533.09,118.51,103.53,40.42,28.79,88.29,84.56,189.96,51.2,41.97,102.36
2014-05-14,84.84,7.48,14.84,42.55,15.75,26.76,125.81,526.65,119.1,103.03,40.24,28.97,87.83,84.59,189.06,50.53,42.18,102.29
2014-05-15,84.12,7.38,14.55,42.07,15.69,26.6,124.77,519.98,119.31,102.5,39.6,28.94,87.14,84.6,187.4,50.07,42.01,100.78
2014-05-16,85.36,7.4,14.51,42.17,15.76,26.67,124.5,520.63,119.17,103.14,39.83,28.86,87.71,84.61,188.05,49.81,42.14,100.74
2014-05-19,86.37,7.44,14.67,41.66,15.92,26.61,124.58,528.86,119.06,102.09,39.75,28.93,88.32,84.63,188.74,49.95,41.49,100.87
2014-05-20,86.39,7.31,14.53,41.41,15.77,26.3,124.69,529.77,119.06,101.53,39.68,28.87,88.0,84.64,187.55,49.62,41.49,100.67
2014-05-21,86.62,7.41,14.61,41.39,15.91,26.49,124.39,538.94,118.84,102.56,40.35,28.87,88.84,84.64,189.13,50.4,41.52,102.03
2014-05-22,86.75,7.5,14.71,41.55,15.91,26.51,124.67,545.06,118.8,102.45,40.1,28.9,89.23,84.62,189.59,50.66,41.86,101.5
2014-05-23,87.73,7.4,14.72,40.75,16.02,26.51,124.51,552.7,118.93,102.0,40.12,28.95,89.88,84.6,190.35,51.77,41.76,101.32
2014-05-27,89.38,7.11,15.22,41.31,16.16,26.57,121.85,565.95,119.35,102.36,40.19,28.99,91.0,84.62,191.52,51.89,42.09,101.36
2014-05-28,89.14,7.17,15.14,41.15,16.31,26.66,121.2,561.68,119.92,101.3,40.01,29.12,90.72,84.64,191.38,50.92,42.34,101.06
2014-05-29,90.77,7.2,15.15,41.03,16.54,26.74,120.94,560.08,119.57,101.34,40.34,29.27,91.3,84.63,192.37,50.66,42.46,101.27
2014-05-30,90.43,7.04,15.14,40.53,16.44,26.79,120.43,559.89,119.59,101.43,40.94,29.28,91.31,84.65,192.68,50.49,42.74,100.53
2014-06-02,89.81,7.09,15.26,40.42,16.44,26.83,119.7,553.93,118.59,102.03,40.79,29.2,91.22,84.57,192.9,51.95,42.73,99.94
2014-06-03,91.08,7.13,15.21,40.33,16.55,26.79,120.01,544.94,118.05,101.45,40.29,29.08,91.18,84.55,192.8,51.52,42.89,100.39
2014-06-04,92.12,7.02,15.21,40.53,16.79,26.55,119.76,544.66,117.99,102.44,40.32,29.06,91.52,84.58,193.19,50.82,42.87,100.04
2014-06-05,92.48,7.03,15.43,39.44,16.68,26.77,120.66,553.9,118.24,102.45,41.21,29.09,92.29,84.59,194.45,50.95,43.23,100.55
2014-06-06,92.22,7.18,15.59,38.74,17.08,27.18,120.61,556.33,118.49,101.96,41.48,29.36,92.82,84.57,195.38,51.08,43.08,101.6
2014-06-09,93.7,7.33,15.84,38.56,17.0,27.44,120.65,562.12,118.25,101.38,41.27,29.37,92.75,84.51,195.58,51.12,42.79,101.52
2014-06-10,94.25,7.25,15.92,38.2,17.01,27.41,121.39,560.55,118.03,100.88,41.11,29.26,92.91,84.49,195.6,52.0,42.69,101.46
2014-06-11,93.86,7.14,15.59,37.98,16.9,27.15,121.41,558.84,118.12,100.42,40.86,29.09,92.89,84.52,194.92,51.98,42.15,101.95
2014-06-12,92.29,7.14,15.42,37.73,16.52,26.96,122.64,551.35,118.5,99.76,40.58,29.0,92.05,84.55,193.54,51.82,42.28,101.66
2014-06-13,91.28,7.09,15.44,37.59,16.56,27.04,122.96,551.76,118.48,100.49,41.23,28.97,92.32,84.5,194.13,51.98,42.55,102.65
2014-06-16,92.2,7.0,15.28,37.29,16.63,26.82,122.42,544.28,118.47,101.1,41.5,28.82,92.4,84.48,194.29,51.7,42.84,102.92
2014-06-17,92.08,6.94,15.59,36.97,16.79,26.87,122.28,543.01,118.07,101.27,41.68,28.75,92.45,84.41,194.83,51.45,42.78,102.42
2014-06-18,92.18,7.09,15.65,37.52,16.83,26.89,122.67,553.37,118.75,101.35,41.65,28.92,92.97,84.48,196.26,53.02,43.75,102.73
2014-06-19,91.86,7.1,15.55,37.98,16.78,26.93,126.94,554.9,118.33,101.91,41.51,28.91,92.91,84.47,196.48,53.18,44.11,102.63
2014-06-20,90.91,7.13,15.45,36.86,16.67,26.97,126.5,556.36,118.56,101.92,41.68,28.94,92.77,84.47,195.94,52.97,43.47,103.83
2014-06-23,90.83,7.04,15.64,36.74,16.88,26.68,126.85,564.95,118.55,101.91,41.99,28.96,92.79,84.47,195.88,52.59,43.32,104.38
2014-06-24,90.28,7.0,15.49,36.34,16.97,26.58,126.98,564.62,119.05,101.47,41.74,29.06,92.7,84.5,194.7,52.07,43.45,102.73
2014-06-25,90.36,7.03,15.47,36.48,17.2,26.42,126.99,578.65,119.17,101.61,42.03,29.14,93.29,84.51,195.58,52.75,43.61,102.14
2014-06-26,90.9,7.09,15.41,35.51,17.2,26.29,126.73,576.0,119.39,101.51,41.72,29.17,93.34,84.53,195.44,52.45,43.74,102.03
2014-06-27,91.98,7.02,15.33,35.55,17.28,26.43,126.66,577.24,119.37,101.46,42.25,29.18,93.75,84.55,195.82,52.83,43.91,101.21
2014-06-30,92.93,7.04,15.37,35.18,17.24,26.28,128.04,575.28,119.26,100.74,41.7,29.16,93.91,84.56,195.72,52.42,44.26,100.68
2014-07-01,93.52,7.18,15.6,35.27,17.21,26.4,127.7,582.67,118.47,101.0,41.87,29.05,94.94,84.5,197.03,53.56,43.82,101.36
2014-07-02,93.48,7.14,15.85,35.24,17.22,26.61,127.7,582.34,118.05,100.53,41.9,29.02,95.1,84.47,197.23,54.42,42.97,101.57
2014-07-03,94.03,7.19,16.03,36.04,17.32,26.86,127.16,584.73,117.93,100.98,41.8,28.95,95.7,84.46,198.2,54.89,42.5,102.59
2014-07-07,95.97,7.18,15.94,35.46,17.32,26.75,127.02,582.25,118.14,100.17,41.99,29.06,95.41,84.44,197.51,54.2,42.7,102.65
2014-07-08,95.35,7.15,15.58,34.83,17.11,26.37,127.07,571.09,118.58,100.09,41.78,29.21,94.26,84.46,196.24,53.26,42.99,102.83
2014-07-09,95.39,7.12,15.6,35.59,17.43,26.32,127.84,576.08,118.77,101.07,41.67,29.28,94.96,84.47,197.12,53.87,42.87,103.55
2014-07-10,95.04,7.03,15.44,34.69,17.3,26.2,128.54,571.1,118.68,100.58,41.68,29.24,94.66,84.51,196.34,54.0,43.16,102.57
2014-07-11,95.22,7.02,15.38,34.68,17.47,26.55,128.78,579.18,119.05,100.37,42.09,29.28,95.27,84.53,196.61,54.46,42.83,101.74
2014-07-14,96.45,7.02,15.57,35.46,17.55,26.66,125.72,584.87,118.8,100.47,42.14,29.24,95.84,84.52,197.6,54.64,42.34,102.68
2014-07-15,95.32,7.02,15.81,36.11,17.54,26.61,124.53,584.78,118.67,100.3,42.45,29.08,95.51,84.48,197.23,54.4,42.56,102.39
2014-07-16,94.78,7.18,15.51,36.56,17.8,27.02,124.97,582.66,118.95,99.27,44.08,29.05,95.89,84.47,197.96,53.93,42.7,103.77
2014-07-17,93.09,7.13,15.2,35.73,17.74,26.61,127.09,573.73,119.4,98.37,44.53,28.92,94.62,84.54,195.71,53.65,42.31,102.31
2014-07-18,94.43,7.37,15.49,36.16,17.72,26.46,126.13,595.08,119.24,98.99,44.69,29.06,96.12,84.47,197.71,54.73,42.74,102.73
2014-07-21,93.94,7.53,15.52,35.85,17.7,25.98,126.34,589.47,119.24,97.55,44.84,29.14,96.0,84.48,197.34,54.3,42.7,103.08
2014-07-22,94.72,7.48,15.52,34.8,17.82,26.02,125.74,594.74,119.33,96.27,44.83,29.22,96.61,84.48,198.2,54.95,42.61,103.54
2014-07-23,97.19,7.4,15.52,35.65,17.78,25.91,125.62,595.98,119.47,95.35,44.87,29.38,97.23,84.51,198.64,55.05,42.65,104.25
2014-07-24,97.03,7.51,15.62,36.31,17.84,25.94,124.35,593.35,119.0,95.35,44.4,29.32,97.12,84.48,198.65,54.4,42.78,104.28
2014-07-25,97.67,7.43,15.59,35.87,17.62,25.79,125.79,589.02,119.46,95.72,44.5,29.3,96.74,84.49,197.72,54.47,42.44,103.18
2014-07-28,99.02,7.41,15.5,35.87,17.64,25.59,125.58,590.6,119.32,95.78,43.97,29.25,96.77,84.45,197.8,54.4,43.03,104.37
2014-07-29,98.38,7.32,15.34,35.69,17.57,25.45,125.2,585.61,119.43,95.82,43.88,29.18,96.6,84.47,196.95,54.32,42.63,103.55
2014-07-30,98.15,7.27,15.58,35.37,17.46,25.64,124.83,587.42,118.88,95.95,43.58,29.17,96.98,84.43,196.98,54.88,41.91,103.25
2014-07-31,95.6,6.89,15.25,34.16,17.02,25.15,123.39,571.6,118.55,94.56,43.16,28.93,95.02,84.47,193.09,53.5,41.25,98.94
2014-08-01,96.13,6.9,14.98,33.94,16.81,25.35,124.38,566.07,118.82,94.3,42.86,28.71,94.67,84.55,192.5,54.02,41.41,98.8
2014-08-04,95.59,6.88,15.05,33.79,17.02,25.27,123.99,573.15,118.85,94.31,43.37,28.88,95.32,84.55,193.89,52.8,41.18,100.13
2014-08-05,95.12,6.67,15.0,32.82,16.87,25.02,123.87,565.07,118.97,93.43,43.08,28.78,94.59,84.55,192.01,52.78,40.69,98.2
2014-08-06,94.96,6.76,15.2,32.82,16.98,25.44,125.67,566.37,118.76,93.47,42.74,28.7,94.52,84.57,192.07,52.07,40.17,98.98
2014-08-07,94.48,6.73,15.12,32.6,16.82,25.5,126.18,563.36,119.07,93.31,43.23,28.69,94.22,84.61,191.03,51.64,40.63,98.27
2014-08-08,94.74,6.82,15.2,33.3,17.09,25.66,126.19,568.77,119.04,93.55,43.2,28.76,94.9,84.56,193.24,51.06,41.44,99.74
2014-08-11,95.99,6.94,15.22,32.88,17.17,25.79,125.96,567.88,119.09,93.53,43.2,28.86,95.46,84.56,193.8,51.29,41.29,98.73
2014-08-12,95.97,6.93,15.21,32.79,17.21,25.61,125.99,562.73,119.03,93.56,43.52,28.93,95.42,84.56,193.53,50.94,41.26,98.49
2014-08-13,97.24,6.82,15.25,33.16,17.42,25.83,126.2,574.78,119.27,93.96,44.08,29.01,96.43,84.6,194.84,50.97,41.45,99.09
2014-08-14,97.5,6.89,15.32,33.15,17.43,25.88,126.31,574.65,119.4,93.66,44.27,29.21,96.93,84.62,195.76,52.34,41.81,99.09
2014-08-15,97.98,6.98,15.22,32.93,17.31,25.64,125.48,573.48,119.82,93.79,44.79,29.12,97.4,84.62,195.72,51.71,41.97,99.03
2014-08-18,99.16,7.1,15.45,33.01,17.43,26.07,124.96,582.16,119.55,94.25,45.11,29.21,98.15,84.62,197.36,52.39,41.86,99.52
2014-08-19,100.53,7.19,15.45,33.1,17.36,26.05,124.68,586.86,119.47,94.45,45.33,29.22,98.7,84.62,198.39,52.79,42.39,99.49
2014-08-20,100.57,7.22,15.52,33.04,17.41,26.36,124.22,584.49,119.2,94.19,44.95,29.12,98.7,84.54,198.92,52.99,42.48,99.7
2014-08-21,100.58,7.14,16.16,33.36,17.4,26.43,122.88,583.37,119.61,94.53,45.22,29.15,98.9,84.54,199.5,53.61,42.58,99.28
2014-08-22,101.32,7.07,16.13,33.29,17.17,26.15,123.19,582.56,119.76,94.45,45.15,29.2,99.05,84.52,199.19,53.45,42.45,98.5
2014-08-25,101.54,7.24,16.29,33.89,17.23,26.2,122.74,580.2,119.95,94.44,45.17,29.16,99.4,84.49,200.2,52.23,42.74,98.75
2014-08-26,100.89,7.24,16.33,34.55,17.19,26.01,123.35,577.86,120.03,94.11,45.0,29.31,99.5,84.52,200.33,52.22,42.23,99.64
2014-08-27,102.13,7.33,16.2,35.08,17.36,26.13,123.32,571.0,120.23,94.65,44.87,29.47,99.52,84.54,200.25,52.28,42.69,99.53
2014-08-28,102.25,7.26,16.01,34.4,17.42,26.01,124.0,569.2,120.49,94.14,44.88,29.44,99.41,84.56,200.14,52.1,43.0,99.57
2014-08-29,102.5,7.29,16.09,34.31,17.41,25.98,123.86,571.6,120.58,93.72,45.43,29.47,99.78,84.6,200.71,52.52,43.28,99.46
2014-09-02,103.3,7.08,16.27,34.2,17.6,25.85,121.65,577.33,119.67,92.8,45.09,29.37,100.07,84.5,200.61,52.14,42.89,98.49
2014-09-03,98.94,7.22,16.1,34.98,17.47,25.95,122.15,577.94,119.83,93.14,44.96,29.33,99.48,84.52,200.5,52.64,43.1,99.11
2014-09-04,98.12,7.24,16.11,34.87,17.27,25.96,121.48,581.98,118.98,93.01,45.26,29.35,99.39,84.51,200.21,51.15,43.08,98.36
2014-09-05,98.97,7.12,16.02,35.16,17.14,26.1,122.06,586.08,119.0,93.07,45.91,29.4,99.89,84.54,201.11,51.98,43.62,99.26
2014-09-08,98.36,6.95,16.35,34.92,16.8,26.08,120.73,589.72,118.8,92.5,46.47,29.28,100.08,84.49,200.59,52.58,43.36,97.77
2014-09-09,97.99,6.83,16.14,34.71,16.63,25.9,120.87,581.01,118.48,91.09,46.76,29.11,99.25,84.44,199.32,51.02,42.86,97.39
2014-09-10,101.0,6.9,16.36,35.29,16.63,25.95,120.26,583.1,118.29,93.0,46.84,29.1,100.07,84.45,200.07,51.1,42.67,96.81
2014-09-11,101.43,6.9,16.57,35.25,16.66,26.02,119.47,581.35,118.2,92.96,47.0,29.1,99.99,84.46,200.3,51.46,43.03,97.03
2014-09-12,101.66,6.64,16.79,35.03,16.59,25.87,118.38,575.62,117.63,93.34,46.7,28.85,99.48,84.44,199.13,52.08,42.26,95.78
2014-09-15,101.63,6.8,16.74,34.92,16.47,25.92,118.64,573.1,117.66,93.47,46.24,28.7,98.52,84.48,198.98,51.38,42.39,96.29
2014-09-16,100.86,6.96,16.71,34.96,16.52,26.21,118.83,579.95,117.64,93.75,46.76,28.72,99.38,84.53,200.48,52.23,42.93,97.43
2014-09-17,101.58,6.77,16.77,35.06,16.53,26.27,117.54,584.77,117.32,93.53,46.52,28.55,99.53,84.44,200.75,52.37,42.85,97.08
2014-09-18,101.79,6.82,17.04,35.78,16.58,26.21,117.78,589.27,117.53,93.48,46.68,28.56,100.28,84.45,201.82,52.41,42.54,96.61
2014-09-19,100.96,6.91,16.95,36.01,16.65,26.29,117.09,596.08,117.99,94.36,47.52,28.64,99.98,84.44,200.7,52.16,42.54,97.12
2014-09-22,101.06,6.86,17.03,35.89,16.36,26.08,116.85,587.37,118.1,93.93,47.06,28.66,99.05,84.5,199.15,51.05,42.22,96.54
2014-09-23,102.64,6.78,17.05,35.28,16.17,26.02,117.6,581.13,118.29,93.51,46.56,28.67,98.78,84.52,198.01,52.38,42.1,96.03
2014-09-24,101.75,6.88,17.18,35.76,16.41,25.93,117.05,587.99,118.01,95.0,47.08,28.8,99.84,84.49,199.56,53.74,41.95,95.82
2014-09-25,97.87,6.77,16.85,35.04,16.2,25.55,117.39,575.06,118.36,94.16,46.04,28.77,97.74,84.55,196.34,53.46,41.7,94.25
2014-09-26,100.75,6.79,17.03,35.37,16.33,25.63,117.06,577.1,118.1,94.7,46.41,28.67,98.78,84.51,197.9,53.55,41.76,95.43
2014-09-29,100.11,6.57,17.01,34.89,15.11,25.42,117.03,576.36,118.05,96.22,46.44,28.47,98.65,84.53,197.54,53.56,42.03,94.43
2014-09-30,100.75,6.55,17.05,34.86,14.79,25.62,116.21,577.36,118.22,94.81,46.36,28.46,98.79,84.51,197.02,53.75,42.09,94.05
2014-10-01,99.18,6.3,16.82,34.82,14.59,25.16,116.77,568.27,118.6,94.19,45.9,28.56,97.21,84.57,194.35,52.99,42.33,92.86
2014-10-02,99.9,6.42,16.88,34.29,14.56,25.12,116.74,570.08,118.59,94.12,45.76,28.51,97.21,84.56,194.38,54.23,42.27,93.3
2014-10-03,99.62,6.56,17.29,34.26,14.59,25.4,114.61,575.28,118.93,94.86,46.09,28.56,98.17,84.48,196.52,54.93,42.54,93.92
2014-10-06,99.62,6.82,17.29,34.3,14.52,25.22,116.03,577.35,118.99,93.84,46.09,28.64,97.96,84.56,196.29,53.47,42.54,94.52
2014-10-07,98.75,6.85,16.88,33.36,14.1,24.81,116.36,563.74,119.42,92.81,45.53,28.64,96.57,84.61,193.26,52.73,42.48,93.37
2014-10-08,100.8,6.77,17.12,33.92,14.21,25.25,117.47,572.5,120.03,93.83,46.78,28.78,98.45,84.7,196.64,54.08,43.44,94.61
2014-10-09,101.02,6.7,16.59,32.56,13.84,24.78,117.64,560.88,119.53,92.72,45.85,28.79,96.86,84.7,192.74,52.82,42.73,91.82
2014-10-10,100.73,6.49,16.48,31.75,13.79,24.27,117.59,544.49,119.63,92.3,44.03,28.69,94.44,84.74,190.54,51.81,42.93,91.6
2014-10-13,99.81,6.68,16.4,31.51,13.54,23.95,118.52,533.21,119.94,90.73,43.65,28.77,92.96,84.77,187.41,49.86,42.89,90.84
2014-10-14,98.75,6.73,16.52,31.5,13.78,24.1,118.59,537.94,120.21,91.1,43.73,28.86,92.97,84.82,187.7,49.9,43.28,90.55
2014-10-15,97.54,6.47,15.76,30.91,13.62,24.28,118.99,530.03,120.3,90.44,43.22,28.78,92.37,84.93,186.43,50.09,42.71,90.22
2014-10-16,96.26,6.32,16.08,29.86,13.98,24.25,119.22,524.51,120.03,89.91,42.74,28.8,91.79,84.88,186.27,51.56,42.75,90.6
2014-10-17,97.67,6.65,16.21,30.6,14.02,24.82,118.99,511.17,119.98,91.04,43.63,28.92,93.0,84.83,188.47,51.14,43.0,91.21
2014-10-20,99.76,6.49,16.26,31.09,14.17,25.03,119.8,520.84,120.2,91.59,44.08,29.0,94.39,84.88,190.3,51.69,43.6,91.77
2014-10-21,102.47,6.32,16.6,31.78,14.26,25.45,120.02,526.54,120.13,91.01,44.88,28.93,96.87,84.86,194.07,53.26,43.75,93.65
2014-10-22,102.99,6.27,16.4,31.13,14.13,25.19,119.34,532.71,119.93,90.94,44.38,28.98,96.37,84.84,192.69,53.21,44.02,93.13
2014-10-23,104.83,6.08,16.6,31.75,14.4,25.44,118.52,543.98,119.7,91.02,45.02,28.96,97.82,84.8,194.93,53.6,44.1,94.11
2014-10-24,105.22,6.38,16.72,31.94,13.78,25.64,118.35,539.78,119.75,91.67,46.13,28.94,98.62,84.82,196.43,53.62,44.53,94.49
2014-10-27,105.11,6.21,16.59,31.47,13.82,25.52,118.06,540.77,119.9,92.01,45.91,28.94,98.69,84.82,196.16,54.0,44.43,93.71
2014-10-28,106.74,6.31,16.8,32.48,14.16,25.88,118.1,548.9,119.5,92.6,46.49,29.07,100.18,84.8,198.41,54.8,44.74,95.1
2014-10-29,107.34,6.44,16.99,31.2,13.91,25.66,116.41,549.33,119.28,92.73,46.62,29.0,99.81,84.69,198.11,54.49,44.48,94.59
2014-10-30,106.98,6.53,17.03,30.77,13.95,25.67,115.19,550.31,119.36,93.38,46.05,29.08,100.02,84.72,199.38,56.47,45.46,94.45
2014-10-31,108.0,6.68,17.16,31.32,14.09,25.81,112.66,559.08,119.34,93.73,46.95,29.06,101.4,84.7,201.66,56.47,45.47,96.71
2014-11-03,109.4,6.45,17.27,30.93,13.99,25.7,112.15,555.22,118.77,93.61,47.44,28.99,101.7,84.66,201.77,57.8,45.77,95.26
2014-11-04,108.6,6.55,17.21,30.83,13.95,25.7,112.22,554.11,118.94,94.47,47.57,28.87,101.36,84.65,201.07,57.99,45.53,94.52
2014-11-05,108.86,6.55,17.34,30.92,13.94,25.82,109.79,545.92,118.72,94.64,47.86,28.85,101.37,84.63,202.34,57.79,46.56,95.07
2014-11-06,108.7,6.34,17.36,30.62,14.19,26.36,109.88,542.04,118.36,94.66,48.7,28.81,101.69,84.61,203.15,58.72,45.77,96.26
2014-11-07,109.01,6.42,17.36,30.24,14.17,26.41,112.97,541.01,119.11,95.1,48.68,28.85,101.6,84.67,203.34,57.7,46.25,96.59
2014-11-10,108.83,6.39,17.37,30.0,14.0,26.47,110.46,547.49,118.51,95.11,48.89,28.76,101.96,84.61,203.98,58.04,46.48,96.28
2014-11-11,109.7,6.28,17.32,30.15,14.37,26.38,112.04,550.29,118.5,95.14,48.87,28.8,102.28,84.6,204.18,58.19,46.31,96.41
2014-11-12,111.25,6.43,17.29,29.6,14.58,26.52,111.5,547.31,118.49,95.33,48.78,28.8,102.46,84.63,203.96,58.44,45.5,95.38
2014-11-13,112.82,6.24,17.22,29.73,14.93,26.42,111.67,545.38,118.36,95.48,49.61,28.73,102.9,84.65,204.19,57.17,45.13,94.66
2014-11-14,114.18,6.11,17.14,29.89,15.14,26.46,114.47,544.4,118.51,96.21,49.58,28.62,103.22,84.69,204.24,57.07,44.94,95.09
2014-11-17,113.99,6.14,17.09,30.09,15.54,26.61,114.05,536.51,118.23,95.97,49.46,28.55,102.91,84.68,204.37,57.24,45.53,95.11
2014-11-18,115.47,6.22,17.14,30.6,15.5,27.01,115.05,535.03,118.33,96.41,48.74,28.62,103.68,84.67,205.55,57.23,45.66,94.87
2014-11-19,114.67,6.43,17.06,30.72,15.44,26.92,113.68,536.99,117.7,96.56,48.22,28.66,103.21,84.66,205.22,57.25,45.62,95.61
2014-11-20,116.31,6.37,17.0,30.31,15.46,26.85,114.86,534.83,118.15,96.64,48.7,28.75,103.67,84.68,205.58,56.72,45.52,95.82
2014-11-21,116.47,6.75,17.12,30.93,15.43,26.99,115.39,537.5,118.66,96.68,47.98,28.9,103.87,84.7,206.68,57.4,45.7,96.81
2014-11-24,118.62,6.63,17.18,31.8,15.67,27.0,115.11,539.27,118.85,97.17,47.59,28.85,104.68,84.71,207.26,57.23,45.32,95.72
2014-11-25,117.6,6.58,17.1,32.5,15.68,26.86,115.38,541.08,119.36,97.0,47.47,28.88,104.84,84.72,207.11,56.58,45.32,94.78
2014-11-26,119.0,6.63,17.11,32.88,15.61,26.87,115.16,540.37,119.77,96.22,47.75,28.98,105.52,84.73,207.64,56.81,45.52,94.48
2014-11-28,118.93,6.55,17.04,32.65,15.73,26.49,112.11,541.83,120.09,96.81,47.81,28.89,106.01,84.76,207.2,56.98,46.0,90.54
2014-12-01,115.07,6.23,16.79,32.24,15.77,26.02,116.58,533.8,119.34,95.78,48.62,28.76,104.81,84.73,205.76,56.71,46.09,92.35
2014-12-02,114.63,6.1,17.15,32.58,15.9,26.05,115.14,533.75,118.54,95.11,48.46,28.67,105.23,84.68,207.08,56.83,46.4,94.19
2014-12-03,115.93,6.14,17.29,32.72,16.01,26.38,116.33,531.32,118.66,95.5,48.08,28.82,105.42,84.64,207.89,57.28,46.27,94.95
2014-12-04,115.49,6.05,17.21,32.31,15.81,26.09,115.88,537.31,118.85,95.66,48.84,28.82,105.37,84.69,207.66,57.5,46.23,94.37
2014-12-05,115.0,6.13,17.68,33.07,15.7,26.01,114.43,525.26,118.36,96.31,48.42,28.69,105.38,84.53,208.0,57.88,45.87,93.82
2014-12-08,112.4,5.99,17.66,32.32,15.43,25.69,115.78,526.98,118.92,92.61,47.7,28.47,104.63,84.52,206.61,57.29,46.24,91.7
2014-12-09,114.12,6.04,17.56,31.82,15.43,25.58,118.19,533.37,119.02,91.36,47.59,28.48,104.96,84.55,206.47,57.34,46.47,91.38
2014-12-10,111.95,6.03,17.38,31.13,15.16,25.27,117.96,526.06,118.98,90.0,46.9,28.09,103.31,84.62,203.16,56.39,45.89,88.67
2014-12-11,111.62,5.98,17.47,31.34,15.28,25.41,117.69,528.34,118.86,90.97,47.17,28.07,103.8,84.58,204.19,56.84,46.35,89.2
2014-12-12,109.73,5.86,17.13,30.78,14.99,24.89,117.41,518.66,119.05,90.62,46.95,27.72,102.67,84.66,200.89,55.92,45.91,86.6
2014-12-15,108.22,5.75,16.85,29.99,14.28,24.59,114.39,513.8,119.33,88.46,46.67,27.23,101.61,84.6,199.51,55.62,45.52,86.9
2014-12-16,106.74,5.68,16.72,30.07,14.09,24.49,114.95,495.39,119.29,88.72,45.16,27.06,99.98,84.65,197.91,55.15,45.48,86.41
2014-12-17,109.41,5.84,17.26,30.41,14.45,24.66,114.27,504.89,119.32,91.65,45.74,27.68,101.8,84.57,201.79,55.75,46.29,89.02
2014-12-18,112.65,6.0,17.53,31.4,14.81,25.14,115.15,511.1,119.44,93.67,47.52,27.97,104.25,84.52,206.78,56.65,47.2,91.16
2014-12-19,111.78,6.01,17.62,30.72,15.03,25.62,114.77,516.35,119.38,93.22,47.66,28.27,104.32,84.46,206.52,58.0,46.86,93.64
2014-12-22,112.94,6.08,17.71,30.82,15.22,25.71,112.55,524.87,119.76,93.89,47.98,28.27,104.58,84.48,207.47,58.26,46.98,93.33
2014-12-23,112.54,6.07,17.93,30.91,15.33,25.88,112.74,530.59,118.85,94.22,48.45,28.23,104.21,84.39,207.75,56.76,47.1,94.59
2014-12-24,112.01,6.09,17.98,30.95,15.3,25.83,112.77,528.77,118.91,93.83,48.14,28.26,104.3,84.4,207.77,57.09,47.97,93.78
2014-12-26,113.99,6.04,17.98,31.01,15.45,25.78,114.83,534.03,119.0,94.78,47.88,28.29,105.04,84.37,208.44,57.18,48.55,93.21
2014-12-29,113.91,6.16,18.11,30.79,15.52,25.7,113.67,530.33,119.23,95.04,47.45,28.21,105.02,84.45,208.72,57.14,49.11,93.07
2014-12-30,112.52,6.19,18.13,30.41,15.5,25.57,115.2,530.42,119.33,94.25,47.02,28.33,104.32,84.48,207.6,56.97,48.09,93.02
2014-12-31,110.38,6.22,17.89,30.02,15.5,25.27,113.58,526.4,119.41,93.7,46.45,28.16,103.25,84.45,205.54,57.51,47.22,92.45
2015-01-02,109.33,5.95,17.9,30.47,15.36,25.06,114.08,524.81,119.83,93.26,46.76,28.05,102.94,84.54,205.43,56.22,47.44,92.83
2015-01-05,106.25,5.84,17.38,28.82,14.76,24.6,115.8,513.87,120.32,92.23,46.32,27.91,101.43,84.54,201.72,55.09,46.86,90.29
2015-01-06,106.26,6.06,16.86,28.36,14.62,24.07,117.12,501.96,120.81,92.4,45.65,27.87,100.07,84.58,199.82,54.93,46.89,89.81
2015-01-07,107.75,6.16,16.94,28.66,15.04,24.08,116.43,501.1,120.97,94.01,46.23,28.18,101.36,84.62,202.31,57.22,47.35,90.72
2015-01-08,111.89,6.19,17.29,28.72,15.42,24.37,115.94,502.68,120.58,94.36,47.59,28.36,103.3,84.61,205.9,57.6,47.68,92.23
2015-01-09,112.01,6.28,16.98,28.24,15.21,24.03,117.26,496.17,120.9,93.21,47.19,28.29,102.62,84.68,204.25,56.72,47.38,92.1
2015-01-12,109.25,6.32,16.68,28.23,15.22,23.98,118.56,492.55,121.13,93.01,46.6,28.08,101.55,84.73,202.65,57.01,47.27,90.33
2015-01-13,110.22,6.37,16.45,28.7,15.21,23.86,118.16,496.18,121.24,92.83,46.36,28.18,101.52,84.78,202.08,57.06,47.4,90.0
2015-01-14,109.8,6.41,16.04,28.72,15.11,23.78,117.97,500.87,121.45,91.54,45.96,28.39,100.96,84.83,200.86,56.7,47.81,89.74
2015-01-15,106.82,6.36,15.2,28.52,14.86,23.58,120.94,501.79,122.08,91.38,45.48,28.36,99.65,84.96,199.02,57.19,48.19,88.96
2015-01-16,105.99,6.53,15.38,28.67,15.02,23.59,122.52,508.08,121.4,91.49,46.24,28.37,100.82,84.88,201.63,57.73,48.62,91.12
2015-01-20,108.72,6.49,15.26,29.32,15.01,23.85,124.2,506.9,121.68,90.8,46.39,28.43,101.62,84.84,202.06,58.44,48.74,91.09
2015-01-21,109.55,6.58,15.41,29.82,14.97,24.04,124.23,518.04,121.63,90.34,45.92,28.34,102.14,84.84,203.08,58.49,49.21,91.87
2015-01-22,112.4,6.74,16.09,30.24,15.03,24.28,125.23,534.39,121.57,90.89,47.13,28.26,104.03,84.81,206.1,58.49,49.0,92.87
2015-01-23,112.98,6.62,15.73,29.26,14.91,24.48,124.23,539.95,122.28,89.56,47.18,28.66,104.26,84.85,204.97,59.88,49.14,90.89
2015-01-26,113.1,6.6,15.85,29.65,15.08,24.59,122.99,535.21,122.25,90.67,47.01,28.45,104.14,84.8,205.45,59.0,49.11,91.76
2015-01-27,109.14,6.6,15.63,28.88,14.85,24.38,124.4,518.63,122.34,89.57,42.66,28.59,101.44,84.85,202.74,59.06,49.18,90.95
2015-01-28,115.31,6.57,15.2,27.93,14.46,23.84,123.42,510.0,123.17,88.78,41.19,28.64,100.92,84.91,200.14,57.93,48.76,87.95
2015-01-29,118.9,6.81,15.43,29.43,14.85,24.08,120.76,510.66,122.88,93.27,42.01,28.74,101.89,84.88,201.99,57.56,49.41,87.58
2015-01-30,117.16,6.58,15.15,28.98,14.71,23.89,123.45,534.52,123.89,92.44,40.4,28.78,101.1,84.98,199.45,56.86,48.32,87.42
2015-02-02,118.63,6.5,15.46,30.17,15.27,24.21,122.42,528.48,123.67,92.51,41.28,28.89,101.98,84.92,201.92,57.3,48.53,89.58
2015-02-03,118.65,6.51,15.89,31.38,15.65,24.47,121.05,529.24,122.67,93.92,41.6,29.0,102.96,84.85,204.84,57.01,48.71,92.25
2015-02-04,119.56,6.37,15.79,30.63,15.87,24.16,121.58,522.76,122.84,94.05,41.84,28.7,102.87,84.86,204.06,56.47,48.12,91.46
2015-02-05,119.94,6.53,15.97,31.09,15.85,24.5,121.79,527.58,122.45,94.34,42.45,28.85,103.76,84.83,206.12,57.54,48.56,92.36
2015-02-06,118.93,6.43,16.49,30.45,15.86,24.52,118.64,531.0,121.17,93.99,42.41,28.64,103.13,84.63,205.55,57.6,46.56,91.5
2015-02-09,119.72,6.53,16.35,30.39,15.92,24.64,119.17,527.83,121.25,92.72,42.36,28.57,102.8,84.62,204.63,56.36,46.15,91.56
2015-02-10,122.02,6.41,16.42,30.41,16.09,24.72,118.47,536.94,120.92,94.02,42.6,28.33,104.4,84.6,206.81,57.16,47.1,91.01
2015-02-11,124.88,6.29,16.36,30.17,16.25,24.77,117.07,535.97,121.0,94.21,42.38,28.37,104.78,84.61,206.93,56.88,46.08,90.6
2015-02-12,126.46,6.44,16.67,31.59,16.36,24.89,117.34,542.93,121.31,95.09,43.09,28.55,106.0,84.64,208.92,57.35,45.87,92.37
2015-02-13,127.08,6.37,16.61,32.29,16.3,25.15,117.98,549.01,120.83,95.65,43.87,28.51,106.91,84.64,209.78,56.77,45.17,93.37
2015-02-17,127.83,6.41,16.63,32.6,16.11,25.17,116.01,542.84,120.27,94.35,43.58,28.38,107.01,84.6,210.11,57.0,45.13,93.05
2015-02-18,128.72,6.43,16.3,32.79,16.21,25.25,116.34,539.7,120.7,94.58,43.53,28.38,107.16,84.7,210.13,56.93,46.2,91.01
2015-02-19,128.45,6.37,16.21,32.6,16.43,25.01,115.94,542.87,120.68,94.19,43.5,28.26,107.69,84.65,209.98,56.24,45.68,89.44
2015-02-20,129.5,6.36,16.38,33.44,16.4,25.21,115.28,538.95,120.86,94.19,43.86,28.3,108.41,84.64,211.24,56.55,45.69,89.92
2015-02-23,133.0,6.44,16.2,32.87,16.38,25.17,115.43,531.91,121.27,94.31,44.15,28.15,108.52,84.68,211.21,56.55,46.0,89.01
2015-02-24,132.17,6.52,16.38,33.15,16.36,25.39,115.26,536.09,122.06,94.98,44.09,28.36,108.6,84.75,211.81,56.78,46.34,89.42
2015-02-25,128.79,6.37,16.49,32.86,16.51,25.91,115.7,543.87,122.17,98.66,43.99,28.49,108.33,84.75,211.63,56.52,45.58,89.6
2015-02-26,130.42,6.37,16.04,32.61,16.38,25.89,116.07,555.48,121.51,99.51,44.06,28.55,108.88,84.67,211.38,56.49,45.28,88.65
2015-02-27,128.46,6.45,15.81,32.73,16.34,25.99,116.16,558.4,121.8,98.9,43.85,28.58,108.4,84.7,210.66,57.02,45.23,88.54
2015-03-02,129.09,6.3,16.01,32.92,16.57,26.11,115.68,571.34,120.42,100.0,43.88,28.47,109.38,84.6,211.99,57.16,44.36,88.04
2015-03-03,129.36,6.31,16.04,32.27,16.17,25.86,115.47,573.64,120.35,99.74,43.28,28.46,108.87,84.58,211.12,56.46,44.63,87.62
2015-03-04,128.54,6.16,15.84,32.17,16.03,25.66,115.11,573.37,120.27,100.25,43.06,28.4,108.45,84.6,210.23,56.56,44.38,87.18
2015-03-05,126.41,6.14,16.0,32.21,16.11,25.82,115.0,575.33,120.43,99.11,43.11,28.36,108.64,84.63,210.46,56.51,44.73,86.74
2015-03-06,126.6,5.98,16.22,31.85,15.93,25.42,111.86,567.68,119.15,97.13,42.36,28.13,107.41,84.54,207.5,56.4,43.39,85.63
2015-03-09,127.14,5.85,16.17,31.97,16.03,25.64,111.97,568.85,119.63,97.71,42.85,28.16,107.72,84.58,208.36,56.79,43.47,85.16
2015-03-10,124.51,5.73,15.79,31.16,15.72,25.17,111.42,555.01,119.82,96.29,42.03,28.02,105.72,84.6,204.98,56.2,43.39,84.26
2015-03-11,122.24,5.81,16.11,31.58,15.75,25.19,110.75,551.18,120.43,94.96,41.98,28.14,105.11,84.6,204.5,57.61,43.11,84.02
2015-03-12,124.45,5.72,16.09,31.7,16.17,25.4,110.72,555.51,120.31,96.25,41.02,28.22,105.8,84.62,207.1,60.21,43.93,84.22
2015-03-13,123.59,5.57,16.09,31.82,16.2,25.04,110.88,547.32,119.97,96.35,41.38,27.85,105.34,84.63,205.83,60.0,43.48,83.87
2015-03-16,124.95,5.58,16.13,32.71,16.49,25.45,110.81,554.51,120.09,97.15,41.56,27.73,106.7,84.64,208.58,60.41,44.23,84.76
2015-03-17,127.04,5.64,16.09,32.46,16.39,25.31,110.21,550.84,120.29,96.17,41.7,27.68,106.87,84.62,207.96,61.45,44.16,84.08
2015-03-18,128.47,5.75,15.98,33.09,16.46,25.64,112.37,559.5,121.77,97.0,42.5,28.13,107.92,84.82,210.46,61.85,45.35,86.07
2015-03-19,127.5,5.62,15.61,32.92,16.34,25.33,112.29,557.99,121.15,95.98,42.28,28.01,108.08,84.71,209.5,61.55,44.93,84.41
2015-03-20,125.9,5.82,15.84,34.15,16.48,25.4,113.57,560.36,121.49,97.05,42.88,28.3,108.53,84.77,210.41,62.1,44.98,84.54
2015-03-23,127.21,5.98,15.72,34.71,16.57,25.47,114.29,558.81,121.77,98.62,42.86,28.34,108.32,84.8,210.0,62.65,45.01,85.43
2015-03-24,126.69,5.94,15.61,35.18,16.56,25.27,114.57,570.19,121.95,99.36,42.9,28.41,107.93,84.83,208.82,62.57,44.51,84.52
2015-03-25,123.38,5.78,15.41,34.81,16.18,24.91,114.73,558.78,121.55,98.14,41.46,28.49,105.46,84.81,205.76,61.27,43.99,84.86
2015-03-26,124.24,5.67,15.42,34.47,16.01,24.8,115.48,555.17,120.8,97.64,41.21,28.3,105.1,84.77,205.27,62.42,43.62,84.32
2015-03-27,123.25,5.66,15.31,34.47,15.98,24.86,115.06,548.34,121.28,96.96,40.97,28.41,105.52,84.82,205.74,61.98,43.88,83.58
2015-03-30,126.37,5.77,15.52,34.97,16.16,25.12,113.75,552.03,121.49,97.88,40.96,28.46,106.73,84.81,208.25,62.52,44.42,85.63
2015-03-31,124.43,5.76,15.39,34.73,16.14,24.81,113.66,548.0,121.71,97.44,40.66,28.42,105.6,84.88,206.43,62.3,44.43,85.0
2015-04-01,124.25,5.92,15.41,35.3,15.91,24.84,115.6,542.56,121.73,96.29,40.72,28.53,105.05,84.88,205.7,62.54,44.47,84.46
2015-04-02,125.32,6.04,15.54,35.7,16.03,24.94,115.28,535.53,121.53,95.83,40.29,28.68,105.12,84.87,206.44,63.8,44.55,84.3
2015-04-06,127.35,6.19,15.51,36.06,16.0,25.18,116.69,536.76,121.69,96.28,41.54,28.77,105.98,84.94,207.83,64.43,45.17,85.13
2015-04-07,126.01,6.23,15.46,35.83,15.9,25.02,116.11,537.02,122.13,96.35,41.53,28.74,105.8,84.88,207.28,64.25,44.65,85.75
2015-04-08,125.6,6.36,15.61,35.6,15.98,25.01,115.47,541.61,122.09,96.85,41.42,28.96,106.64,84.88,207.98,66.52,44.52,84.06
2015-04-09,126.56,6.32,15.71,35.32,15.95,25.73,114.67,540.78,121.47,96.55,41.48,28.94,107.31,84.85,208.9,67.14,44.33,84.65
2015-04-10,127.1,6.35,15.72,35.16,16.03,28.51,115.97,540.01,121.64,97.8,41.72,28.91,107.75,84.83,210.04,66.37,44.66,85.56
2015-04-13,126.85,6.26,15.8,34.98,15.87,27.63,115.14,539.17,121.6,97.44,41.76,28.88,107.48,84.88,209.09,66.02,44.22,85.34
2015-04-14,126.3,6.25,15.82,35.03,15.97,27.73,114.44,530.39,121.88,97.58,41.65,28.96,107.17,84.92,209.49,66.06,44.44,86.63
2015-04-15,126.78,6.28,15.64,35.2,16.07,27.46,115.43,532.53,121.96,96.44,42.26,28.85,107.84,84.92,210.43,65.97,44.55,88.08
2015-04-16,126.17,6.32,15.79,34.25,15.94,27.28,115.03,533.8,121.89,95.63,42.16,28.75,107.69,84.96,210.37,63.49,44.26,87.73
2015-04-17,124.75,6.25,15.56,33.3,15.76,27.25,115.6,524.05,122.22,94.88,41.62,28.67,106.01,84.92,207.95,64.91,44.1,86.93
2015-04-20,127.6,6.2,15.57,33.4,15.91,27.02,114.72,535.38,121.93,96.18,42.9,28.61,107.6,84.91,209.85,63.29,44.76,87.24
2015-04-21,126.91,6.23,15.5,33.34,15.82,26.62,115.38,533.97,121.9,94.87,42.64,28.65,108.06,84.92,209.6,64.16,44.36,86.88
2015-04-22,128.62,6.28,15.74,33.95,15.91,26.91,113.83,539.36,121.11,97.84,42.98,28.83,108.65,84.85,210.63,63.01,44.45,87.46
2015-04-23,129.67,6.33,15.69,34.15,15.76,26.85,114.66,547.0,121.42,97.0,43.34,28.94,109.06,84.89,211.16,63.25,44.7,87.54
2015-04-24,130.28,6.4,15.64,34.26,15.77,26.8,113.05,565.06,121.65,98.74,47.87,29.02,110.54,84.92,211.65,64.41,45.15,86.97
2015-04-27,132.65,6.42,15.56,32.61,15.9,26.88,115.33,555.37,121.56,96.44,48.03,29.01,110.26,84.91,210.77,61.63,44.61,87.01
2015-04-28,130.56,6.43,15.65,32.04,16.06,27.12,116.33,553.68,120.84,96.83,49.16,28.98,110.04,84.87,211.44,61.3,44.93,87.8
2015-04-29,128.64,6.37,15.98,31.73,16.02,27.09,115.51,549.08,119.84,97.02,49.06,28.81,109.35,84.88,210.57,62.08,44.74,87.87
2015-04-30,125.15,6.33,15.93,32.1,15.8,27.08,113.47,537.34,119.94,96.55,48.64,28.69,107.63,84.87,208.46,60.42,44.22,87.37
2015-05-01,128.95,6.31,16.11,32.29,15.81,27.31,113.08,537.9,118.95,97.8,48.66,28.7,109.05,84.8,210.72,62.17,44.47,88.85
2015-05-04,128.7,6.27,16.44,32.09,15.78,27.27,114.1,540.78,118.57,96.13,48.24,28.7,109.23,84.8,211.32,61.93,44.8,89.11
2015-05-05,125.8,6.39,16.35,31.51,15.53,26.92,114.42,530.8,118.37,96.13,47.6,28.64,107.45,84.78,208.9,61.46,43.8,88.61
2015-05-06,125.01,6.45,16.29,32.26,15.48,26.81,114.36,524.22,117.86,96.39,46.28,28.57,106.71,84.75,208.04,60.15,43.56,88.19
2015-05-07,125.26,6.48,16.24,32.05,15.51,27.04,113.42,530.7,118.33,96.78,46.7,28.56,107.35,84.72,208.87,60.04,43.72,87.6
2015-05-08,127.62,6.67,16.45,32.42,15.67,27.36,113.97,538.22,119.01,98.23,47.75,28.75,108.69,84.84,211.62,60.58,44.03,88.99
2015-05-11,126.32,6.5,16.49,32.33,15.65,26.92,113.53,535.7,117.81,97.51,47.37,28.64,108.27,84.76,210.6,61.29,43.73,86.78
2015-05-12,125.86,6.44,16.43,32.3,15.56,27.03,114.5,529.04,117.64,97.95,47.35,28.46,107.78,84.77,209.98,60.79,43.68,87.02
2015-05-13,126.01,6.39,16.47,32.67,15.41,27.21,116.55,529.62,117.53,97.35,47.62,28.46,108.0,84.81,210.02,61.1,43.25,86.56
2015-05-14,128.95,6.47,16.52,33.19,15.27,27.41,117.18,538.4,117.93,97.71,48.72,28.51,109.58,84.89,212.21,61.22,43.75,86.97
2015-05-15,128.77,6.54,16.35,33.35,15.48,27.27,117.53,533.85,118.75,98.04,48.3,28.57,109.58,84.89,212.44,60.23,44.32,87.35
2015-05-18,130.19,6.38,16.51,32.91,15.58,27.31,117.52,532.3,117.84,98.02,48.01,28.56,110.06,84.84,213.1,60.19,44.49,86.85
2015-05-19,130.07,6.3,16.77,32.85,15.5,27.35,115.89,537.36,117.21,100.68,47.58,28.4,109.94,84.79,213.03,60.55,44.59,86.99
2015-05-20,130.06,6.22,16.74,32.98,15.3,27.64,116.08,539.27,117.35,100.11,47.58,28.38,110.01,84.82,212.88,61.02,44.66,87.13
2015-05-21,131.39,6.16,16.73,33.02,15.51,27.72,115.69,542.51,117.91,99.28,47.42,28.54,110.58,84.85,213.5,61.42,44.64,87.21
2015-05-22,132.54,6.06,16.75,31.66,15.27,27.68,115.6,540.11,117.83,98.99,46.9,28.55,110.47,84.79,212.99,61.05,44.57,86.52
2015-05-26,129.62,5.86,16.5,30.59,15.19,27.52,113.91,532.32,118.35,98.46,46.59,28.54,109.2,84.8,210.7,59.94,44.29,85.35
2015-05-27,132.04,5.85,16.74,30.86,15.32,27.52,113.89,539.79,118.47,98.66,47.61,28.48,110.96,84.81,212.7,60.7,44.47,85.11
2015-05-28,131.78,5.83,16.67,30.74,15.29,27.63,114.02,539.78,118.22,96.48,47.45,28.37,110.71,84.85,212.46,60.84,44.57,85.11
2015-05-29,130.28,5.75,16.5,30.21,15.17,27.27,114.1,532.11,118.27,95.93,46.86,28.42,110.05,84.87,211.14,60.1,44.5,85.2
2015-06-01,130.54,5.83,16.55,29.87,15.36,27.28,114.0,533.99,117.28,96.22,47.23,28.3,110.42,84.78,211.57,60.31,44.56,85.13
2015-06-02,129.96,5.89,16.72,31.07,15.26,27.33,114.46,539.18,116.68,96.29,46.92,28.23,110.07,84.77,211.36,60.58,43.97,85.14
2015-06-03,130.12,5.85,16.93,31.52,15.2,27.53,113.64,540.31,115.93,96.52,46.85,28.15,110.4,84.74,211.92,60.74,43.32,84.95
2015-06-04,129.36,5.82,16.78,31.34,15.05,27.26,112.84,536.7,116.53,96.31,46.36,28.06,109.56,84.75,210.13,61.74,43.26,84.22
2015-06-05,128.65,5.92,17.19,30.63,14.78,27.29,112.24,533.33,115.94,95.54,46.14,27.97,109.3,84.66,209.77,60.62,42.72,84.28
2015-06-08,127.8,5.96,17.08,32.15,14.9,27.24,112.57,526.83,115.86,95.32,45.73,27.93,108.19,84.72,208.48,60.15,42.47,84.85
2015-06-09,127.42,5.95,17.31,31.23,14.88,27.33,112.82,526.69,115.34,94.73,45.65,27.82,108.01,84.68,208.45,60.05,42.37,84.58
2015-06-10,128.88,6.03,17.59,32.17,15.03,27.63,113.78,536.69,115.03,95.3,46.61,27.66,109.49,84.66,210.95,60.6,42.58,85.21
2015-06-11,128.59,6.01,17.49,32.31,15.28,27.51,113.26,534.61,116.05,95.59,46.44,27.65,109.65,84.68,211.63,61.28,42.92,85.09
2015-06-12,127.17,5.96,17.49,32.04,15.23,27.39,113.23,532.33,115.85,95.06,45.97,27.73,108.75,84.66,210.01,61.63,42.54,84.02
2015-06-15,126.92,5.91,17.47,31.34,15.05,27.21,113.73,527.2,115.83,94.3,45.48,27.5,108.21,84.7,209.11,60.68,42.47,83.72
2015-06-16,127.6,6.04,17.55,31.21,15.0,27.22,113.32,528.15,116.12,94.63,45.83,27.41,108.8,84.73,210.25,60.4,42.67,84.68
2015-06-17,127.3,6.1,17.37,31.18,15.02,27.27,113.85,529.26,116.11,95.22,45.97,27.54,109.1,84.79,210.59,60.15,43.03,84.73
2015-06-18,127.88,6.14,17.38,31.14,15.14,27.37,115.32,536.73,115.9,96.17,46.72,27.69,110.69,84.81,212.78,60.33,43.6,85.48
2015-06-19,126.6,6.07,17.17,30.26,15.11,27.24,115.12,536.69,116.52,96.08,46.1,27.88,109.89,84.83,210.81,60.0,42.79,85.21
2015-06-22,127.61,6.15,17.47,31.44,15.13,27.42,113.64,538.19,115.6,96.87,46.23,27.9,110.7,84.77,211.89,59.74,42.73,85.17
2015-06-23,127.03,6.15,17.67,31.47,15.29,27.55,112.89,540.48,115.34,97.18,45.91,27.92,110.79,84.75,212.04,59.8,42.15,85.07
2015-06-24,128.11,6.1,17.49,31.18,15.5,27.26,112.59,537.84,115.66,96.64,45.64,27.89,110.22,84.79,210.5,59.37,41.82,84.68
2015-06-25,127.5,6.05,17.37,31.67,15.44,27.04,112.44,535.23,115.47,95.79,45.65,27.82,110.0,84.77,209.86,58.98,41.54,83.93
2015-06-26,126.75,6.12,17.41,32.25,15.4,27.09,112.56,531.69,114.94,97.29,45.26,27.71,109.27,84.72,209.82,58.91,41.79,83.86
2015-06-29,124.53,6.08,16.89,30.1,15.02,26.64,113.07,521.52,115.94,95.44,44.37,27.64,106.69,84.86,205.42,59.37,41.57,82.82
2015-06-30,125.42,6.1,17.02,30.16,15.01,26.57,112.37,520.51,115.72,95.07,44.15,27.71,107.07,84.86,205.85,59.1,41.46,83.2
2015-07-01,126.6,6.08,17.22,31.15,14.99,26.66,111.98,521.84,115.02,95.76,44.44,27.84,107.92,84.75,207.5,60.95,41.71,82.37
2015-07-02,126.44,6.14,17.03,31.52,14.87,26.78,111.76,523.4,115.46,96.17,44.4,27.92,107.95,84.88,207.31,61.56,42.23,83.14
2015-07-06,126.0,6.09,16.94,30.17,14.79,26.31,112.06,522.86,115.92,95.65,44.39,27.85,107.7,84.9,206.72,61.66,42.4,82.53
2015-07-07,125.69,6.01,16.69,30.15,14.85,26.47,110.76,525.02,116.4,96.68,44.3,27.83,107.97,84.89,208.02,61.55,43.45,82.87
2015-07-08,122.57,5.89,16.25,29.52,14.37,25.89,111.09,516.83,116.56,95.84,44.24,27.8,106.09,84.98,204.53,60.7,43.22,81.97
2015-07-09,120.07,5.94,16.48,30.16,14.33,26.02,111.36,520.68,115.79,96.49,44.52,27.88,106.03,84.92,204.9,62.13,42.74,81.6
2015-07-10,123.28,6.16,16.7,31.91,14.48,26.27,111.49,530.13,115.05,97.65,44.61,27.95,107.65,84.84,207.48,61.38,42.97,82.22
2015-07-13,125.66,6.23,17.02,32.44,14.64,26.47,110.99,546.55,114.8,98.43,45.54,27.93,109.54,84.8,209.77,63.29,42.99,82.42
2015-07-14,125.61,6.21,17.13,32.65,14.81,26.66,110.74,561.1,114.9,98.78,45.62,27.81,110.26,84.84,210.68,63.7,42.93,83.11
2015-07-15,126.82,6.25,17.68,32.73,14.75,26.77,110.16,560.22,115.2,99.07,45.76,27.65,110.38,84.87,210.61,63.42,43.14,82.76
2015-07-16,128.51,6.21,17.95,33.21,14.57,27.04,109.76,579.85,115.38,97.86,46.66,27.75,111.94,84.83,212.3,64.01,43.78,82.91
2015-07-17,129.62,6.16,18.1,33.05,14.69,27.24,108.65,672.93,115.46,97.5,46.62,27.79,113.59,84.81,212.48,63.56,43.35,82.61
2015-07-20,132.07,6.14,18.12,33.43,14.57,27.14,105.7,663.02,115.19,97.49,46.92,27.75,113.98,84.76,212.59,63.61,43.13,81.76
2015-07-21,130.75,6.14,18.08,33.4,14.51,26.85,105.37,662.3,115.43,97.32,47.28,27.75,113.91,84.77,211.75,63.35,42.74,81.66
2015-07-22,125.22,6.01,18.45,33.43,14.42,26.63,104.8,662.1,115.58,97.58,45.54,27.77,112.62,84.76,211.37,62.51,42.93,81.79
2015-07-23,125.16,5.81,18.18,33.83,14.61,26.26,104.33,644.28,115.92,97.09,46.11,27.64,112.2,84.77,210.18,62.51,42.29,81.14
2015-07-24,124.5,5.65,17.9,33.22,14.39,25.75,105.35,623.56,115.87,96.1,45.94,27.55,111.1,84.79,208.0,61.85,42.33,79.94
2015-07-27,122.77,5.56,17.67,32.71,14.55,25.95,104.86,627.26,115.88,96.04,45.35,27.53,110.18,84.85,206.79,72.0,42.87,79.26
2015-07-28,123.38,5.56,17.88,33.24,14.83,26.1,105.02,628.0,115.79,97.33,45.34,27.54,111.13,84.83,209.33,71.41,43.07,82.48
2015-07-29,122.99,5.6,18.16,33.5,15.21,26.26,105.17,631.93,115.69,98.21,46.29,27.7,111.55,84.81,210.77,70.88,43.23,83.14
2015-07-30,122.37,5.59,18.13,34.75,15.1,26.12,104.27,632.59,115.75,99.17,46.88,27.8,112.08,84.77,210.82,69.07,43.55,83.01
2015-07-31,121.3,5.68,17.88,35.02,14.83,26.1,104.93,625.61,116.35,99.86,46.7,27.89,111.95,84.86,210.5,69.02,43.99,79.21
2015-08-03,118.44,5.66,17.77,34.88,14.94,25.87,104.1,631.21,116.29,99.42,46.81,27.77,111.6,84.85,209.79,70.06,44.22,78.06
2015-08-04,114.64,5.68,17.8,34.02,14.91,25.9,104.31,629.25,115.7,99.14,47.54,27.78,111.39,84.72,209.38,70.69,43.51,77.17
2015-08-05,115.4,5.7,17.87,34.06,14.8,26.1,103.93,643.78,115.25,99.8,47.58,27.78,112.25,84.73,210.07,71.19,43.62,77.17
2015-08-06,115.13,5.57,17.81,33.94,14.83,26.03,104.39,642.68,115.47,99.35,46.62,27.57,110.45,84.75,208.35,70.43,43.85,78.09
2015-08-07,115.52,5.52,17.75,33.77,14.8,25.79,104.65,635.3,115.87,98.92,46.74,27.58,110.31,84.71,207.95,70.32,44.39,76.83
2015-08-10,119.72,5.66,18.04,34.04,14.99,26.24,105.72,633.73,115.41,99.39,47.33,27.57,111.57,84.71,210.57,69.8,44.21,78.75
2015-08-11,113.49,5.57,17.79,33.52,14.7,25.71,106.26,660.78,115.89,98.81,46.41,27.58,110.14,84.82,208.67,69.6,44.43,77.49
2015-08-12,115.24,5.43,17.52,32.88,14.68,25.86,107.75,659.56,115.71,98.28,46.74,27.62,110.52,84.82,208.92,69.62,45.22,78.79
2015-08-13,115.15,5.28,17.62,32.74,14.71,25.79,106.86,656.45,115.31,99.37,46.73,27.62,110.34,84.75,208.66,69.35,45.23,78.65
2015-08-14,115.96,5.34,17.7,32.41,14.78,26.08,106.85,657.12,115.42,99.27,47.0,27.48,110.51,84.71,209.42,69.02,45.57,78.36
2015-08-17,117.16,5.3,17.77,32.14,14.68,26.21,107.13,660.87,115.79,100.66,47.32,27.53,111.43,84.76,210.59,69.43,45.79,78.77
2015-08-18,116.5,5.39,17.69,31.79,14.83,26.07,107.11,656.13,115.35,100.76,47.27,27.44,110.86,84.75,209.98,69.03,45.68,77.9
2015-08-19,115.01,5.19,17.46,31.48,14.77,25.73,108.55,660.9,115.91,101.1,46.61,27.38,110.13,84.83,208.32,69.57,45.87,76.23
2015-08-20,112.65,5.3,16.72,30.45,14.43,25.19,110.44,646.83,115.98,99.76,45.66,27.24,107.08,84.8,204.01,68.23,45.6,74.57
2015-08-21,105.76,5.12,16.1,29.71,13.86,24.59,111.13,612.48,116.01,97.13,43.07,27.12,102.4,84.89,197.63,66.92,45.05,72.13
2015-08-24,103.12,5.02,15.29,28.41,13.19,23.87,110.53,589.61,115.69,92.87,41.68,26.83,98.46,84.93,189.55,64.49,43.37,68.72
2015-08-25,103.74,5.07,15.26,29.01,12.9,23.27,109.16,582.06,115.1,91.21,40.47,26.97,98.09,84.89,187.23,64.21,42.03,68.71
2015-08-26,109.69,5.22,16.06,29.8,13.21,24.01,107.67,628.62,115.03,95.15,42.71,26.99,103.03,84.84,194.68,64.82,42.8,72.5
2015-08-27,112.92,5.37,16.44,30.06,13.56,25.01,107.73,637.61,115.14,97.33,43.9,27.41,105.64,84.85,199.16,65.2,43.28,74.85
2015-08-28,113.29,5.34,16.36,29.67,13.74,25.16,108.7,630.38,115.35,96.25,43.93,27.63,105.62,84.81,199.24,65.03,43.15,75.07
2015-08-31,112.76,5.27,16.34,29.5,13.87,24.82,108.82,618.25,115.06,95.02,43.52,27.65,104.31,84.78,197.54,64.41,42.47,75.24
2015-09-01,107.72,5.07,15.58,28.66,13.72,23.88,109.2,597.79,115.42,93.47,41.82,27.58,101.05,84.77,191.92,63.18,41.31,72.08
2015-09-02,112.34,5.09,15.85,29.0,13.87,24.57,108.62,614.34,115.25,96.04,43.36,27.57,103.9,84.79,195.36,64.84,41.34,73.23
2015-09-03,110.37,5.2,15.94,29.26,13.84,24.51,107.84,606.25,115.8,96.01,43.5,27.68,103.39,84.79,195.65,64.12,41.53,73.79
2015-09-04,109.27,5.09,15.65,28.31,13.56,24.0,107.49,600.7,116.06,94.85,42.61,27.69,102.16,84.8,192.56,63.44,40.96,72.46
2015-09-08,112.31,5.13,16.16,29.49,13.67,24.96,107.52,614.66,115.52,96.78,43.89,27.69,105.04,84.77,197.46,63.36,41.83,73.5
2015-09-09,110.15,5.03,15.9,28.97,13.53,24.55,106.13,612.72,115.77,95.43,43.07,27.71,103.86,84.75,194.79,62.41,41.31,72.0
2015-09-10,112.57,4.97,16.04,29.24,13.73,24.68,106.38,621.35,115.54,95.25,43.29,27.74,104.99,84.78,195.85,62.04,41.24,72.52
2015-09-11,114.21,4.83,16.04,29.22,13.71,24.95,106.16,625.77,115.62,97.41,43.48,27.72,105.57,84.81,196.81,63.66,41.55,72.69
2015-09-14,115.31,4.9,15.96,29.14,13.78,24.77,106.22,623.24,115.61,96.97,43.04,27.83,105.25,84.79,196.01,63.5,41.65,72.49
2015-09-15,116.28,4.9,16.31,29.63,14.31,25.3,105.9,635.14,114.74,98.19,43.98,27.71,106.49,84.67,198.46,65.19,41.87,72.86
2015-09-16,116.41,5.04,16.33,29.46,14.64,25.93,107.31,635.98,114.95,98.69,44.3,27.77,107.09,84.66,200.18,64.58,42.29,74.3
2015-09-17,113.92,5.01,15.86,29.8,14.6,25.35,108.41,642.9,115.9,97.84,44.25,27.91,107.13,84.85,199.73,64.39,42.87,74.46
2015-09-18,113.45,4.89,15.56,28.45,14.28,24.8,109.21,629.25,116.25,97.05,43.48,28.04,105.35,84.89,195.36,63.36,42.23,72.68
2015-09-21,115.21,4.84,15.7,28.51,14.32,25.09,108.53,635.44,115.66,97.9,44.11,27.92,105.68,84.84,196.46,62.82,42.4,73.39
2015-09-22,113.4,4.77,15.57,27.61,13.92,25.11,107.79,622.69,116.16,97.2,43.9,27.68,104.1,84.89,193.9,62.73,41.87,72.74
2015-09-23,114.32,4.59,15.72,27.34,13.68,25.14,108.22,622.36,116.09,97.38,43.87,27.62,104.18,84.86,193.6,61.79,41.98,72.3
2015-09-24,115.0,4.74,15.55,27.41,13.65,24.91,110.49,625.8,116.11,97.29,43.91,27.53,103.8,84.91,192.93,60.95,42.32,72.73
2015-09-25,114.71,4.87,15.89,27.41,13.53,24.92,109.81,611.97,115.76,97.59,43.94,27.42,102.92,84.87,192.86,59.34,42.73,73.23
2015-09-28,112.44,4.71,15.47,26.21,13.12,24.31,108.42,594.89,115.96,95.96,43.29,27.3,99.99,84.93,188.01,56.9,42.52,72.6
2015-09-29,109.06,4.78,15.35,26.54,13.15,24.57,107.98,594.97,116.11,97.48,43.44,27.24,99.47,84.97,188.12,55.08,42.53,72.97
2015-09-30,110.3,4.9,15.58,26.96,13.57,25.22,106.86,608.42,116.09,98.53,44.26,27.43,101.76,84.99,191.63,56.46,43.29,74.35
2015-10-01,109.58,4.93,15.55,26.52,13.67,25.19,106.73,611.29,115.73,98.78,44.61,27.48,102.22,84.95,192.16,58.5,42.78,74.06
2015-10-02,110.38,5.09,15.38,27.14,13.99,25.47,108.99,626.91,116.24,99.79,45.57,27.73,104.01,85.07,195.0,60.06,43.35,75.88
2015-10-05,110.78,5.2,15.69,28.2,14.19,26.82,108.77,641.47,115.93,101.17,46.63,27.81,105.5,85.01,198.47,58.39,43.91,76.81
2015-10-06,111.31,5.12,15.69,28.4,14.31,27.29,109.86,645.44,116.16,101.9,46.75,27.9,105.0,85.0,197.81,57.97,43.61,77.89
2015-10-07,110.78,5.15,15.75,28.79,14.75,27.77,109.7,642.36,116.57,101.77,46.8,27.98,105.63,84.98,199.41,58.55,43.46,79.2
2015-10-08,109.5,5.15,15.75,28.39,14.99,28.03,109.14,639.16,116.11,102.95,47.45,28.01,106.05,84.96,201.21,59.24,44.0,80.03
2015-10-09,112.12,5.22,15.58,29.34,14.97,28.07,110.87,643.61,116.16,102.76,47.11,28.15,106.53,84.96,201.33,58.96,43.79,79.26
2015-10-12,111.6,5.1,15.52,29.14,14.98,28.09,111.31,646.67,116.63,103.24,47.0,28.17,106.79,84.94,201.52,59.2,44.18,79.3
2015-10-13,111.79,4.77,15.52,28.78,14.94,27.87,111.86,652.3,116.54,103.38,46.89,27.97,106.1,84.97,200.25,57.79,44.08,79.16
2015-10-14,110.21,4.79,15.64,28.9,15.01,27.6,113.81,651.16,117.0,102.82,46.68,28.14,105.93,85.09,199.29,58.4,44.07,80.16
2015-10-15,111.86,5.01,16.19,29.29,15.22,28.03,113.31,661.74,116.95,103.66,47.01,28.08,107.67,85.04,202.29,60.11,44.72,81.48
2015-10-16,111.04,4.99,16.12,29.58,15.28,28.98,112.49,662.2,116.99,104.82,47.51,28.26,108.12,85.0,203.27,60.88,44.78,82.48
2015-10-19,111.73,4.96,16.14,30.3,15.36,28.99,112.02,666.1,116.98,104.49,47.62,28.25,108.74,85.03,203.32,60.2,44.81,80.99
2015-10-20,113.77,4.98,16.2,30.12,15.38,28.78,112.73,650.28,116.76,103.84,47.77,28.12,108.18,84.98,203.11,57.89,44.96,80.83
2015-10-21,113.76,4.92,15.9,29.8,15.41,28.85,111.73,642.61,117.34,102.54,47.2,28.04,107.52,85.01,201.85,57.92,44.87,80.21
2015-10-22,115.5,5.0,16.16,30.31,15.58,29.58,111.69,651.79,117.59,110.87,48.03,28.11,109.71,85.04,205.26,55.96,45.39,82.89
2015-10-23,119.08,5.04,16.52,30.75,15.67,29.51,111.5,702.0,117.16,112.59,52.87,28.21,112.78,84.97,207.51,59.55,44.59,82.98
2015-10-26,115.28,4.97,16.51,30.35,15.68,29.55,111.43,712.78,117.37,112.18,54.25,28.2,112.85,84.97,206.99,59.71,44.43,81.22
2015-10-27,114.55,5.03,16.4,30.2,14.89,29.46,111.68,708.49,117.4,111.64,53.69,28.16,113.08,85.0,206.57,59.44,44.27,81.09
2015-10-28,119.27,4.89,17.28,30.31,14.97,29.39,110.78,712.95,116.94,112.94,53.98,28.1,114.02,84.89,208.94,62.35,43.8,82.28
2015-10-29,120.53,4.87,17.09,27.89,14.73,29.34,109.72,716.92,116.12,112.62,53.36,28.09,113.84,84.83,208.83,60.24,43.55,82.23
2015-10-30,119.5,4.87,16.78,27.95,14.81,28.92,109.3,710.81,116.42,112.25,52.64,28.03,113.33,84.83,207.93,59.19,43.75,82.74
2015-11-02,121.18,4.95,17.06,28.54,14.75,29.4,108.59,721.11,115.59,112.11,53.24,28.11,114.61,84.74,210.33,60.82,43.8,85.28
2015-11-03,122.57,5.17,17.18,28.37,14.81,29.59,106.98,722.16,115.6,112.08,54.15,28.25,115.01,84.73,211.0,62.05,43.93,86.85
2015-11-04,122.0,5.06,17.01,27.74,14.65,29.54,105.97,728.11,115.47,112.4,54.4,28.21,115.02,84.64,210.36,61.51,44.16,85.98
2015-11-05,120.92,5.06,17.31,27.52,14.57,29.64,105.64,731.25,115.5,112.85,54.38,28.16,114.71,84.64,210.15,60.92,43.78,84.81
2015-11-06,121.06,4.98,17.95,27.69,14.52,29.92,104.1,733.76,114.75,113.31,54.92,27.94,114.79,84.56,210.04,60.19,42.25,84.47
2015-11-09,120.57,4.83,17.68,27.25,14.33,29.75,104.4,724.89,114.56,112.93,54.16,27.78,113.57,84.54,208.08,59.77,42.36,81.95
2015-11-10,116.77,4.92,17.85,26.76,14.28,30.12,104.18,728.32,114.85,113.22,53.51,27.82,113.28,84.58,208.56,59.94,42.74,82.35
2015-11-11,116.11,5.02,17.75,26.53,14.31,30.67,103.83,735.4,114.84,113.85,53.65,27.83,113.14,84.58,207.67,59.13,43.11,81.62
2015-11-12,115.72,4.95,17.37,26.01,14.04,30.16,103.85,731.23,114.8,112.11,53.32,27.92,112.04,84.59,204.84,58.33,42.7,79.41
2015-11-13,112.34,4.93,17.2,25.51,13.92,30.28,103.56,717.0,115.14,109.97,52.84,27.77,109.84,84.66,202.54,58.01,42.54,78.1
2015-11-16,114.18,4.97,17.43,25.6,14.04,30.36,103.71,728.96,115.16,111.06,53.76,27.77,111.42,84.66,205.62,58.81,43.26,80.9
2015-11-17,113.69,5.01,17.42,25.42,14.15,30.32,102.34,725.3,115.28,110.94,52.97,27.8,111.49,84.63,205.47,59.95,42.48,79.96
2015-11-18,117.29,5.13,17.84,26.14,14.46,30.52,102.43,740.0,115.31,112.53,53.85,27.99,113.63,84.6,208.73,61.27,42.75,80.74
2015-11-19,118.78,5.14,17.69,26.45,14.57,30.27,103.56,738.41,115.65,113.3,53.94,28.04,113.71,84.58,208.55,61.04,43.21,80.3
2015-11-20,119.3,5.17,17.65,25.88,14.6,30.66,103.09,756.6,115.63,113.91,54.19,28.07,114.48,84.58,209.31,61.7,43.39,79.79
2015-11-23,117.75,5.06,17.47,25.45,14.55,30.59,102.26,755.98,115.67,114.47,54.19,28.06,114.15,84.57,209.07,62.36,42.99,80.28
2015-11-24,118.88,5.06,17.47,25.32,14.55,30.66,102.94,748.28,115.71,114.28,54.25,28.02,114.05,84.57,209.35,62.35,42.93,81.88
2015-11-25,118.03,4.96,17.44,25.38,14.55,30.36,102.46,748.15,115.82,114.4,53.69,27.99,114.15,84.58,209.32,63.0,42.67,81.25
2015-11-27,117.81,4.9,17.48,25.37,14.53,30.36,101.25,750.26,115.86,114.23,53.93,27.96,114.31,84.6,209.56,63.47,42.75,81.23
2015-11-30,118.3,4.77,17.43,25.69,14.33,29.94,101.92,742.6,115.91,114.16,54.35,27.91,114.02,84.57,208.69,62.93,42.82,81.66
2015-12-01,117.34,4.81,17.81,26.18,14.56,30.17,102.28,767.04,116.45,114.45,55.22,27.96,115.16,84.58,210.68,65.02,43.16,81.89
2015-12-02,116.28,4.82,17.62,25.41,14.26,29.97,100.69,762.38,116.17,113.72,55.21,27.93,114.45,84.51,208.53,63.12,42.2,79.55
2015-12-03,115.2,4.95,17.3,25.35,13.98,30.03,101.76,752.54,114.63,113.39,54.2,27.74,112.51,84.51,205.61,63.53,41.88,78.41
2015-12-04,119.03,4.87,17.8,25.49,14.2,30.49,104.02,766.81,115.25,116.2,55.91,27.72,115.14,84.53,209.62,65.72,42.47,78.86
2015-12-07,118.28,4.88,17.54,25.23,14.12,30.37,102.67,763.25,115.45,116.42,55.81,27.68,114.62,84.52,208.35,66.01,42.66,76.8
2015-12-08,118.23,4.81,17.19,24.42,13.97,30.19,102.84,762.37,115.3,116.53,55.79,27.62,114.63,84.51,206.95,65.67,42.6,74.63
2015-12-09,115.62,4.89,17.1,24.44,13.89,30.47,102.64,751.61,115.27,116.58,54.98,27.69,112.89,84.54,205.34,65.46,42.61,75.63
2015-12-10,116.17,4.7,17.2,24.29,13.96,30.65,102.55,749.46,115.0,117.2,55.27,27.64,113.4,84.49,205.87,64.56,41.9,75.69
2015-12-11,113.18,4.62,16.73,23.18,13.64,30.26,103.11,738.87,115.2,116.08,54.06,27.28,110.79,84.59,201.88,64.49,41.79,74.34
2015-12-14,112.48,4.59,16.8,23.13,13.62,30.26,101.79,747.77,114.35,116.26,55.14,27.35,111.63,84.49,202.9,64.08,42.0,76.03
2015-12-15,110.49,4.56,17.42,23.37,13.87,30.32,101.52,743.4,114.36,116.93,55.2,27.26,112.31,84.48,205.03,64.96,42.33,79.43
2015-12-16,111.34,4.73,17.75,23.85,14.36,30.98,102.75,758.09,114.34,117.84,56.13,27.26,113.98,84.41,208.03,65.87,43.4,79.15
2015-12-17,108.98,4.62,17.3,23.62,13.98,30.55,100.5,749.43,114.47,117.5,55.7,27.25,112.32,84.41,204.86,65.33,43.49,77.96
2015-12-18,106.03,4.44,16.76,23.33,13.8,30.28,102.04,739.31,114.47,116.66,54.13,27.24,109.83,84.52,200.02,65.26,42.51,77.28
2015-12-21,107.33,4.45,16.97,23.65,13.73,30.4,103.15,747.77,114.55,117.69,54.83,27.15,111.05,84.51,201.67,65.91,42.48,77.26
2015-12-22,107.23,4.49,17.08,23.8,14.2,30.49,102.61,750.0,114.4,117.72,55.35,27.22,111.78,84.49,203.5,65.73,42.84,77.65
2015-12-23,108.61,4.59,17.34,24.46,14.36,30.95,102.31,750.31,114.5,118.8,55.82,27.34,112.61,84.46,206.02,66.13,43.5,80.19
2015-12-24,108.03,4.57,17.27,24.5,14.31,30.83,103.05,748.4,114.55,118.57,55.67,27.36,112.59,84.45,205.68,66.32,43.47,79.33
2015-12-28,106.82,4.67,17.13,24.46,14.18,30.9,102.27,762.51,114.41,118.75,55.95,27.27,112.53,84.4,205.21,65.93,43.55,78.74
2015-12-29,108.74,4.68,17.28,24.87,14.23,31.28,102.2,776.6,113.82,120.07,56.55,27.27,114.3,84.38,207.4,66.2,43.79,79.16
2015-12-30,107.32,4.46,17.05,24.47,14.17,31.05,101.42,771.0,113.82,119.43,56.31,27.34,113.27,84.4,205.93,66.08,43.75,78.11
2015-12-31,105.26,4.46,16.83,24.15,14.09,31.15,101.46,758.88,114.01,118.14,55.48,27.31,111.86,84.36,203.87,65.64,43.28,77.95
2016-01-04,105.35,4.27,16.43,23.49,13.97,30.71,102.89,741.84,113.95,117.58,54.8,27.25,109.5,84.47,201.02,65.3,43.19,77.46
2016-01-05,102.71,4.33,16.43,23.48,13.72,30.74,103.18,742.58,114.01,119.2,55.05,27.34,109.31,84.42,201.36,65.86,43.5,78.12
2016-01-06,100.7,4.28,16.08,23.14,13.11,30.25,104.67,743.62,114.46,118.4,54.05,27.28,108.26,84.47,198.82,64.96,43.42,77.47
2016-01-07,96.45,4.11,15.5,22.72,12.7,28.97,106.15,726.39,114.55,115.66,52.17,27.19,104.87,84.5,194.05,64.49,43.13,76.23
2016-01-08,96.96,4.18,15.2,22.1,12.54,28.45,105.68,714.47,114.64,115.48,52.33,27.15,104.01,84.56,191.92,63.7,43.11,74.69
2016-01-11,98.53,4.11,15.31,22.68,12.77,28.58,104.74,716.03,114.27,116.69,52.3,27.09,104.33,84.59,192.11,63.49,43.34,73.69
2016-01-12,99.96,4.2,15.31,22.93,12.85,28.64,104.21,726.07,114.53,117.44,52.78,26.99,105.54,84.6,193.66,64.4,43.17,75.2
2016-01-13,97.39,4.14,14.9,22.17,12.2,28.24,104.72,700.56,114.88,115.12,51.64,26.89,101.9,84.65,188.83,62.78,43.15,75.65
2016-01-14,99.52,4.23,14.99,22.01,12.19,29.06,103.02,714.72,114.31,116.62,53.11,26.89,104.07,84.67,191.93,63.21,43.8,79.12
2016-01-15,97.13,4.06,14.46,20.96,11.97,28.49,104.08,694.45,114.14,115.18,50.99,26.68,100.84,84.74,187.81,62.52,43.41,77.58
2016-01-19,96.66,4.13,14.24,20.42,11.95,28.49,103.98,701.79,113.63,117.5,50.56,26.68,101.06,84.73,188.06,62.09,44.06,76.4
2016-01-20,96.79,4.03,13.69,19.33,11.9,28.0,105.37,698.45,113.8,115.78,50.79,26.62,100.75,84.79,185.65,61.88,43.07,73.18
2016-01-21,96.3,3.88,13.36,18.58,12.01,28.59,105.49,706.59,113.47,117.84,50.48,26.73,100.85,84.78,186.69,61.99,43.03,74.1
2016-01-22,101.42,4.11,13.56,19.06,12.14,28.24,105.0,725.25,113.54,118.4,52.29,26.94,103.77,84.75,190.52,63.26,43.8,76.57
2016-01-25,99.44,4.09,12.96,17.87,11.98,28.04,106.08,711.67,113.42,119.2,51.79,26.8,102.23,84.75,187.64,63.17,43.43,73.98
2016-01-26,99.99,4.16,13.31,18.66,12.26,28.31,107.29,713.04,113.74,120.43,52.17,26.89,103.15,84.79,190.2,64.06,43.73,76.7
2016-01-27,93.42,4.33,13.36,18.42,11.85,28.0,107.69,699.99,113.43,120.87,51.22,26.99,100.58,84.81,188.13,62.03,43.83,75.29
2016-01-28,94.09,4.4,13.53,17.76,11.71,28.21,106.54,730.96,113.56,122.38,52.06,27.12,102.0,84.81,189.11,60.41,44.53,76.99
2016-01-29,97.34,4.67,14.14,17.89,11.94,29.1,106.95,742.95,114.15,123.78,55.09,27.17,104.13,84.91,193.72,61.48,45.42,77.85
2016-02-01,96.43,4.63,13.96,17.84,12.07,28.64,108.05,752.0,113.45,124.61,54.71,27.05,104.41,84.82,193.65,62.7,45.85,76.29
2016-02-02,94.48,4.43,13.23,16.94,11.51,28.24,108.09,764.65,113.66,123.95,53.0,26.99,102.15,84.93,190.16,60.94,46.05,74.59
2016-02-03,96.35,4.64,13.03,16.65,11.46,28.67,109.25,726.95,113.38,121.47,52.16,27.05,101.66,84.95,191.3,60.27,46.62,78.48
2016-02-04,96.6,4.74,13.25,16.96,11.53,29.18,110.57,708.01,113.43,120.66,52.0,27.11,101.65,84.97,191.6,59.9,46.42,79.83
2016-02-05,94.02,4.6,12.95,16.89,11.45,28.54,112.32,683.57,113.41,115.4,50.16,27.15,98.12,84.95,187.95,58.86,46.57,80.08
2016-02-08,95.01,4.56,12.27,15.54,11.59,28.17,113.83,682.74,114.0,116.05,49.41,26.94,96.62,85.05,185.42,56.93,46.41,81.16
2016-02-09,94.99,4.45,12.2,15.38,11.35,28.28,113.58,678.11,113.61,117.01,49.28,26.86,96.32,85.02,185.43,57.67,46.57,80.08
2016-02-10,94.27,4.49,11.98,16.21,11.34,28.3,114.46,684.12,113.75,117.54,49.71,26.89,96.69,85.02,185.27,56.91,46.52,79.35
2016-02-11,93.7,4.44,11.16,15.51,11.17,27.45,119.06,683.11,114.13,116.73,49.69,26.84,96.55,85.1,182.86,54.08,45.7,79.6
2016-02-12,93.99,4.49,11.95,17.38,11.55,28.26,118.36,682.4,113.49,117.93,50.5,26.88,98.02,85.0,186.63,55.75,45.56,81.03
2016-02-16,96.64,4.42,12.25,17.16,11.87,28.86,114.77,691.0,112.95,119.18,51.09,26.89,100.23,84.95,189.78,56.13,45.85,81.22
2016-02-17,98.12,4.58,12.56,17.93,12.27,29.34,115.48,708.4,112.92,118.64,52.42,27.15,102.5,84.97,192.88,57.67,45.76,82.0
2016-02-18,96.26,4.51,12.24,17.09,12.26,29.08,118.29,697.35,113.84,117.17,52.19,27.19,101.33,85.04,192.09,57.06,46.51,82.45
2016-02-19,96.04,4.5,12.13,16.9,12.1,29.02,117.58,700.91,113.76,116.53,51.82,27.21,101.63,84.96,192.0,56.63,46.2,82.5
2016-02-22,96.88,4.7,12.54,17.39,12.56,29.41,115.49,706.46,113.99,117.67,52.65,27.34,103.28,84.97,194.78,57.42,46.74,82.39
2016-02-23,94.69,4.57,12.16,16.68,12.42,29.22,117.22,695.85,114.22,116.9,51.18,27.32,101.58,84.98,192.32,57.47,46.78,81.23
2016-02-24,96.1,4.55,12.13,16.44,12.08,28.96,117.61,699.56,114.33,117.06,51.36,27.33,102.55,85.0,193.2,56.89,47.0,81.52
2016-02-25,96.76,4.46,12.32,16.77,12.39,29.23,117.92,705.75,114.97,118.37,52.1,27.34,103.56,85.02,195.54,57.58,47.48,82.01
2016-02-26,96.91,4.37,12.7,17.32,12.47,29.4,117.11,705.07,114.93,117.06,51.3,27.4,103.43,84.91,195.09,56.98,46.17,81.75
2016-02-29,96.69,4.34,12.52,17.19,12.51,29.14,118.64,697.77,115.01,117.19,50.88,27.51,102.5,84.96,193.35,55.6,46.3,80.15
2016-03-01,100.53,4.62,13.19,17.91,13.09,29.88,117.77,718.81,114.05,118.85,52.58,27.77,105.79,84.8,198.11,56.1,46.07,81.28
2016-03-02,100.75,4.65,13.41,18.72,13.22,30.18,118.68,718.85,114.28,118.48,52.95,27.77,105.83,84.79,199.0,56.29,46.31,82.7
2016-03-03,101.5,4.84,13.5,19.51,13.54,30.22,120.73,712.42,114.82,116.69,52.35,27.84,105.63,84.82,199.78,55.6,46.59,82.4
2016-03-04,103.01,5.08,13.54,19.65,13.59,30.46,120.54,710.89,114.8,117.18,52.03,27.88,105.67,84.76,200.43,55.62,47.11,82.29
2016-03-07,101.87,5.04,13.53,19.47,13.62,30.29,121.14,695.16,114.93,117.15,51.03,27.96,105.02,84.7,200.59,56.81,47.37,84.46
2016-03-08,101.03,5.0,13.06,19.0,13.23,30.06,120.58,693.97,115.54,118.42,51.65,27.82,104.15,84.76,198.4,56.21,47.84,82.63
2016-03-09,101.12,5.0,13.14,18.98,13.19,30.05,119.58,705.24,115.41,119.64,52.84,27.93,104.82,84.73,199.38,57.9,48.06,82.4
2016-03-10,101.17,5.1,13.27,19.27,13.15,29.94,121.5,712.82,115.89,119.98,52.05,27.92,104.66,84.72,199.54,57.98,48.1,82.18
2016-03-11,102.26,4.99,13.79,20.62,13.29,30.34,119.41,726.82,116.22,121.55,53.07,28.01,106.49,84.64,202.76,58.95,48.15,82.19
2016-03-14,102.52,4.91,13.64,20.59,13.27,30.27,117.87,730.49,116.56,122.9,53.17,27.96,106.67,84.64,202.5,59.09,48.21,82.41
2016-03-15,104.58,4.82,13.57,20.15,13.23,30.28,117.96,728.33,116.52,123.43,53.59,27.7,106.63,84.67,202.17,57.13,48.3,82.82
2016-03-16,105.97,4.81,13.31,19.31,13.5,30.17,120.59,736.09,117.08,123.52,54.35,27.91,107.58,84.84,203.34,55.32,49.04,82.87
2016-03-17,105.8,5.05,13.4,19.12,13.47,30.96,120.13,737.78,117.44,123.16,54.66,28.16,107.52,84.83,204.63,53.5,49.31,84.1
2016-03-18,105.92,5.09,13.79,19.27,13.64,30.92,119.8,737.6,117.71,124.08,53.49,28.22,107.37,84.85,204.38,54.08,48.63,84.2
2016-03-21,105.91,5.14,13.84,19.07,13.66,31.09,118.96,742.09,117.57,123.81,53.86,28.3,107.79,84.84,204.67,54.22,48.58,83.62
2016-03-22,106.72,5.15,13.76,18.71,13.59,31.06,119.31,740.75,117.35,123.82,54.07,28.31,108.12,84.79,204.56,54.78,48.42,84.12
2016-03-23,106.13,5.11,13.62,18.0,13.26,31.07,116.61,738.06,117.94,124.19,53.97,28.04,107.23,84.84,203.21,54.05,48.78,83.75
2016-03-24,105.67,5.12,13.68,17.54,13.06,31.11,116.33,735.3,117.89,123.29,54.21,28.09,107.26,84.8,203.12,54.29,48.91,83.98
2016-03-28,105.19,5.27,13.62,17.61,13.09,31.49,116.6,733.53,117.96,123.17,53.54,28.11,107.11,84.82,203.24,53.86,48.73,84.22
2016-03-29,107.68,5.27,13.42,17.45,13.2,31.48,118.76,744.77,118.49,123.97,54.71,28.21,108.83,84.98,205.12,54.95,49.45,84.53
2016-03-30,109.56,5.24,13.48,17.12,13.35,31.83,117.1,750.53,118.35,125.83,55.05,28.21,109.36,84.99,206.02,54.4,49.33,84.52
2016-03-31,108.99,5.18,13.52,16.94,13.5,31.79,117.64,744.95,118.82,125.68,55.23,28.3,109.2,85.03,205.52,53.51,49.62,83.59
2016-04-01,109.99,5.24,13.56,17.07,13.1,31.93,116.93,749.91,118.87,127.02,55.57,28.41,110.36,84.93,206.92,54.21,49.81,82.96
2016-04-04,111.12,5.1,13.51,16.74,12.8,31.23,116.15,745.29,118.88,127.57,55.43,28.39,109.94,84.99,206.25,54.66,49.6,83.16
2016-04-05,109.81,5.09,13.19,15.93,12.77,30.98,117.66,737.8,119.26,127.38,54.56,28.33,108.88,85.02,204.19,54.55,48.67,82.21
2016-04-06,110.96,5.05,13.27,16.16,12.82,30.9,116.94,745.69,119.16,127.52,55.12,28.36,110.67,84.99,206.42,56.73,48.61,83.31
2016-04-07,108.54,5.01,12.85,15.41,12.52,30.63,118.61,740.28,119.48,128.14,54.46,28.22,109.08,85.04,203.95,56.5,48.59,82.37
2016-04-08,108.66,5.1,12.88,15.87,12.55,30.79,118.43,739.15,119.21,127.96,54.42,28.33,109.0,85.04,204.5,56.29,48.85,83.21
2016-04-11,109.02,5.17,12.97,15.92,12.66,30.71,120.03,736.1,119.2,127.56,54.31,28.45,108.6,85.03,204.02,55.92,48.64,83.32
2016-04-12,110.44,5.2,13.27,16.0,12.81,30.81,120.05,743.09,118.73,127.61,54.65,28.5,109.51,85.01,205.92,54.93,48.98,84.35
2016-04-13,112.04,5.24,13.79,17.36,13.06,30.98,118.77,751.72,119.14,126.89,55.35,28.68,110.91,84.97,208.0,55.64,48.68,84.83
2016-04-14,112.1,5.33,14.14,17.28,13.09,31.02,117.11,753.2,119.06,127.51,55.36,28.73,110.92,84.97,208.01,55.73,48.62,85.43
2016-04-15,109.85,5.34,14.0,17.3,12.94,31.03,117.92,759.0,119.56,127.78,55.65,28.54,110.64,85.03,207.78,55.18,48.89,84.97
2016-04-18,107.48,5.23,14.17,17.69,13.25,31.06,117.74,766.61,119.69,128.85,56.46,28.63,111.23,85.02,209.24,54.99,49.08,85.78
2016-04-19,106.91,5.38,14.45,17.84,13.44,31.15,119.58,753.93,119.91,128.86,56.39,28.75,110.55,84.99,209.9,56.66,49.16,86.21
2016-04-20,107.13,5.39,14.93,18.72,13.64,31.15,118.97,752.67,119.58,128.55,55.59,28.83,110.64,84.93,210.1,56.56,47.93,86.8
2016-04-21,105.97,5.39,14.9,18.67,13.65,30.98,119.43,759.14,119.54,125.79,55.78,28.63,110.65,84.91,208.97,57.25,46.93,86.79
2016-04-22,105.68,5.33,15.11,18.89,13.61,30.76,117.89,718.77,119.66,125.5,51.78,28.62,108.98,84.91,208.97,57.05,47.35,87.53
2016-04-25,105.08,5.36,14.96,18.14,13.58,30.68,118.23,723.15,119.38,127.46,52.11,28.42,108.98,84.89,208.61,55.77,47.44,87.33
2016-04-26,104.35,5.42,15.09,18.64,13.75,30.9,118.7,708.14,119.33,127.71,51.44,28.41,108.45,84.87,208.92,55.5,47.51,87.63
2016-04-27,97.82,5.45,15.02,19.02,13.66,30.93,119.04,705.84,120.09,128.3,50.94,28.55,107.58,84.93,209.35,56.23,48.2,88.46
2016-04-28,94.83,5.53,14.79,19.46,14.09,30.9,121.29,691.02,120.2,127.92,49.9,28.64,106.28,84.98,207.45,54.99,48.13,88.03
2016-04-29,93.74,5.59,14.56,18.96,13.56,30.75,123.65,693.01,120.33,126.49,49.87,28.61,105.72,85.01,206.33,54.45,48.42,88.4
2016-05-02,93.64,5.55,14.77,18.48,13.62,30.89,123.24,698.21,119.85,128.2,50.61,28.61,106.72,84.93,207.97,53.49,48.81,89.13
2016-05-03,95.18,5.45,14.36,17.34,13.43,30.63,122.96,692.36,120.06,128.4,49.78,28.54,105.73,85.02,206.16,54.2,48.77,88.11
2016-05-04,94.19,5.48,14.13,17.2,13.31,30.07,122.21,695.7,119.86,129.33,49.87,28.48,105.05,85.01,205.01,53.83,49.34,87.94
2016-05-05,93.24,5.35,14.05,16.67,13.32,29.89,122.07,701.43,120.1,129.28,49.94,28.5,105.02,85.04,204.97,53.87,49.15,88.04
2016-05-06,92.72,5.33,14.11,16.91,13.44,30.12,123.18,711.12,119.84,130.58,50.39,28.53,105.58,85.02,205.72,50.27,48.83,88.51
2016-05-09,92.79,5.32,13.99,16.72,13.32,29.87,120.65,712.9,119.72,130.83,50.07,28.54,105.88,85.06,205.89,52.81,49.11,88.57
2016-05-10,93.42,5.43,14.3,17.15,13.49,30.48,120.98,723.18,119.92,131.6,51.02,28.59,107.33,85.08,208.45,52.87,49.16,89.99
2016-05-11,92.51,5.44,14.2,16.7,13.32,30.34,122.12,715.29,120.05,129.14,51.05,28.72,106.36,85.05,206.5,50.92,49.34,88.81
2016-05-12,90.34,5.5,14.14,16.6,13.35,30.09,121.16,713.31,119.8,130.12,51.51,28.77,105.89,85.0,206.56,50.25,49.63,89.67
2016-05-13,90.52,5.28,13.88,16.39,13.22,29.64,121.71,710.83,120.02,128.83,51.08,28.6,105.5,85.01,204.76,50.3,49.39,88.66
2016-05-16,93.88,5.32,13.93,16.37,13.32,29.96,121.8,716.49,119.62,129.64,51.83,28.7,106.82,84.97,206.78,50.43,49.45,89.57
2016-05-17,93.49,5.27,14.01,16.16,13.14,29.71,122.22,706.23,119.58,127.69,50.51,28.67,105.48,84.94,204.85,51.4,48.61,89.53
2016-05-18,94.56,5.14,14.69,16.75,13.16,29.61,120.1,706.63,118.56,126.21,50.81,28.4,105.86,84.79,204.91,52.07,47.7,89.35
2016-05-19,94.2,5.19,14.53,16.79,13.09,29.36,119.87,700.32,118.84,125.29,50.32,28.24,105.31,84.81,204.2,51.25,48.18,90.11
2016-05-20,95.22,5.22,14.52,16.91,13.19,29.56,119.71,709.74,118.92,122.56,50.62,28.31,106.47,84.84,205.49,51.94,48.29,89.74
2016-05-23,96.43,5.1,14.47,16.93,13.13,29.49,119.37,704.24,118.92,122.81,50.03,28.27,106.33,84.83,205.21,51.22,47.86,89.6
2016-05-24,97.9,5.19,14.68,17.37,13.29,29.85,117.3,720.09,118.72,123.95,51.59,28.35,108.46,84.77,207.87,51.89,48.34,89.67
2016-05-25,99.62,5.27,14.92,17.99,13.52,30.09,116.98,725.27,118.93,123.26,52.12,28.39,109.24,84.82,209.28,51.48,48.2,90.26
2016-05-26,100.41,5.32,14.7,18.05,13.46,30.02,116.58,724.12,119.27,123.79,51.89,28.4,109.56,84.87,209.34,51.59,48.74,89.8
2016-05-27,100.35,5.35,14.88,18.13,13.45,30.12,115.62,732.66,119.18,123.25,52.32,28.39,110.13,84.82,210.24,51.66,48.83,90.01
2016-05-31,99.86,5.26,14.79,17.8,13.49,30.23,116.06,735.72,119.39,122.06,53.0,28.39,110.34,84.86,209.84,51.87,49.15,89.02
2016-06-01,98.46,5.38,14.86,17.62,13.11,30.11,115.94,734.15,119.14,121.97,52.85,28.39,110.35,84.75,210.27,52.91,49.28,89.24
2016-06-02,97.72,5.36,14.94,17.54,13.21,30.05,115.67,730.4,119.38,121.17,52.48,28.51,110.58,84.82,210.91,54.65,49.3,88.53
2016-06-03,97.92,5.52,14.42,17.06,13.04,29.94,118.88,722.34,120.34,121.35,51.79,28.77,110.06,84.96,210.28,53.79,50.08,88.37
2016-06-06,98.63,5.54,14.52,17.14,13.18,30.12,118.92,716.55,120.05,122.0,52.13,28.86,110.46,84.94,211.35,54.69,50.01,89.34
2016-06-07,99.03,5.5,14.35,17.27,13.38,30.14,118.82,716.65,120.23,121.9,52.1,28.92,110.18,84.96,211.68,54.06,49.97,90.71
2016-06-08,98.94,5.68,14.43,17.05,13.36,30.31,120.58,728.28,120.63,122.11,52.04,29.05,110.37,84.98,212.37,53.99,50.27,90.79
2016-06-09,99.65,5.64,14.19,16.71,13.26,30.24,121.25,728.58,120.8,122.79,51.62,28.98,110.19,85.0,212.08,53.31,50.7,90.67
2016-06-10,98.83,5.41,13.83,15.74,13.1,30.04,121.74,719.41,120.94,122.36,51.48,28.97,108.94,85.05,210.07,53.01,50.57,89.98
2016-06-13,97.34,5.41,13.6,15.18,12.98,29.83,122.64,718.36,120.76,122.99,50.14,28.82,108.03,85.07,208.45,53.22,50.51,90.59
2016-06-14,97.46,5.31,13.26,14.73,12.84,30.44,122.77,718.27,120.49,122.51,49.83,28.66,108.03,85.08,208.04,53.37,50.78,90.43
2016-06-15,97.14,5.3,13.34,14.82,13.01,30.59,123.68,718.92,120.94,122.25,49.69,28.59,107.72,85.18,207.75,52.39,50.46,90.16
2016-06-16,97.55,5.38,13.31,14.9,13.12,30.64,122.38,710.36,121.12,122.47,50.39,28.62,108.04,85.13,208.37,52.21,50.78,91.22
2016-06-17,95.33,5.4,13.4,15.62,13.26,30.6,123.95,691.72,120.76,122.27,50.13,28.65,106.49,85.14,206.52,52.01,50.55,90.72
2016-06-20,95.1,5.45,13.54,16.3,13.42,30.83,123.21,693.71,120.61,123.42,50.07,28.74,107.16,85.09,207.85,51.97,50.36,91.12
2016-06-21,95.91,5.43,13.62,16.81,13.22,30.94,120.84,695.94,120.5,122.63,51.19,28.78,107.5,85.03,208.44,50.98,50.43,91.53
2016-06-22,95.55,5.37,13.61,16.87,13.18,30.78,120.9,697.46,120.72,120.62,50.99,28.92,107.24,85.06,208.1,51.19,50.19,91.17
2016-06-23,96.1,5.54,14.04,17.84,13.4,31.19,120.11,701.87,120.6,121.21,51.91,29.08,108.77,85.03,210.81,51.37,50.33,91.8
2016-06-24,93.4,5.45,13.0,14.72,12.52,29.82,126.01,675.22,121.17,119.44,49.83,28.74,104.29,85.2,203.13,50.01,50.61,89.39
2016-06-27,92.04,5.47,12.18,13.87,12.16,29.32,126.68,668.26,121.68,116.3,48.43,28.85,102.22,85.28,199.6,48.53,51.03,88.86
2016-06-28,93.59,5.62,12.7,14.17,12.39,29.94,125.32,680.04,122.35,118.5,49.44,29.1,104.46,85.31,203.2,49.57,51.22,90.91
2016-06-29,94.4,5.84,13.19,14.09,12.55,30.55,125.84,684.11,122.31,119.49,50.54,29.43,106.31,85.28,206.66,50.26,51.36,92.46
2016-06-30,95.6,5.91,13.27,13.73,12.57,31.48,126.47,692.1,122.74,120.34,51.17,29.58,107.54,85.32,209.48,50.23,52.47,93.74
2016-07-01,95.89,5.91,13.1,13.91,12.72,31.49,128.41,699.21,123.05,120.4,51.16,29.55,108.08,85.3,209.92,50.05,52.48,93.84
2016-07-05,94.99,5.81,12.74,13.4,12.4,31.45,129.47,694.49,123.47,120.76,51.17,29.79,107.42,85.34,208.41,49.97,52.87,93.02
2016-07-06,95.53,5.75,12.86,12.97,12.57,31.74,130.23,697.77,123.69,120.63,51.38,29.78,108.3,85.3,209.66,50.31,52.98,94.09
2016-07-07,95.94,5.67,13.01,12.6,12.75,31.82,129.74,695.36,123.71,120.92,51.38,29.86,108.62,85.26,209.53,50.52,52.0,92.96
2016-07-08,96.68,5.9,13.17,12.97,13.09,32.2,130.52,705.63,124.4,121.31,52.3,30.1,110.3,85.26,212.65,50.89,52.54,93.54
2016-07-11,96.98,5.83,13.21,13.3,13.27,32.21,129.29,715.09,124.08,122.0,52.59,30.25,110.93,85.17,213.4,50.93,52.5,93.89
2016-07-12,97.42,5.83,13.54,14.1,13.45,32.26,127.15,720.64,123.38,122.25,53.21,30.14,111.49,85.14,214.95,52.46,51.78,94.95
2016-07-13,96.87,5.8,13.44,13.95,13.48,32.36,128.32,716.98,123.86,122.82,53.51,30.18,111.22,85.16,214.92,54.46,52.19,94.88
2016-07-14,98.79,5.88,13.65,14.54,13.59,32.63,127.33,720.95,123.56,123.93,53.74,30.23,111.98,85.11,216.12,54.98,51.85,94.95
2016-07-15,98.78,5.78,13.66,14.43,13.57,32.88,126.84,719.85,123.09,123.61,53.7,30.06,111.8,85.07,215.83,54.21,52.0,95.12
2016-07-18,99.83,5.83,14.11,14.54,13.65,32.91,127.04,733.78,123.09,123.8,53.96,30.04,112.54,85.12,216.41,54.1,52.15,94.82
2016-07-19,99.87,5.84,14.26,14.01,13.65,32.93,127.21,736.96,123.31,126.5,53.09,30.05,112.13,85.13,216.19,53.6,52.06,94.47
2016-07-20,99.96,5.86,14.4,14.3,13.74,32.78,125.39,741.19,123.27,126.06,55.91,30.06,113.44,85.09,217.08,54.96,51.76,93.93
2016-07-21,99.43,5.84,14.27,14.44,13.92,32.59,127.3,738.63,123.41,127.18,55.8,30.08,113.18,85.15,216.26,54.63,52.07,93.85
2016-07-22,98.66,5.91,14.38,14.35,13.84,32.06,126.35,742.74,123.34,128.26,56.57,30.09,113.65,85.12,217.24,54.73,52.76,94.01
2016-07-25,97.34,5.86,14.37,14.4,13.83,31.64,125.47,739.77,123.27,127.4,56.73,30.01,113.66,85.06,216.65,54.33,52.67,92.2
2016-07-26,96.67,5.89,14.53,14.18,13.86,31.47,126.0,738.42,123.15,121.71,56.76,29.96,113.79,85.07,216.75,54.31,52.21,91.53
2016-07-27,102.95,5.88,14.63,13.63,13.84,31.28,128.03,741.77,123.66,119.48,56.19,30.03,114.58,85.13,216.52,55.16,51.61,90.91
2016-07-28,104.34,5.87,14.68,13.25,12.71,31.25,127.66,745.91,123.54,119.42,56.21,30.02,114.98,85.12,216.77,54.79,51.81,90.2
2016-07-29,104.21,5.78,14.49,13.44,12.66,31.14,128.98,768.79,123.99,117.65,56.68,30.16,115.23,85.23,217.12,53.5,52.12,88.95
2016-08-01,106.05,5.8,14.33,13.07,12.48,31.15,129.22,772.88,122.97,118.01,56.58,30.1,115.84,85.15,216.94,53.61,52.15,85.86
2016-08-02,104.48,5.75,14.13,12.58,11.94,31.05,130.27,771.07,122.28,117.7,56.58,30.01,114.96,85.12,215.55,52.96,51.81,87.04
2016-08-03,105.79,5.73,14.48,12.69,12.13,31.13,129.65,773.18,122.44,117.52,56.97,30.05,115.34,85.13,216.18,53.57,51.5,87.49
2016-08-04,105.87,5.86,14.48,12.7,12.08,31.17,129.87,771.61,122.96,118.3,57.39,30.2,115.67,85.19,216.41,55.45,51.47,87.48
2016-08-05,107.48,6.03,15.05,13.15,12.19,31.28,127.55,782.22,122.46,119.21,57.96,30.17,116.78,85.07,218.18,54.21,50.73,87.56
2016-08-08,108.37,6.1,15.13,13.47,12.18,31.27,127.44,781.76,122.54,118.29,58.06,30.31,116.65,85.04,218.05,53.25,50.71,88.59
2016-08-09,108.81,6.13,15.19,13.73,12.31,31.3,127.96,784.26,123.26,118.31,58.2,30.43,116.92,85.09,218.18,53.45,50.7,88.7
2016-08-10,108.0,6.09,14.81,14.22,12.25,31.27,128.56,784.68,123.61,118.8,58.02,30.54,116.62,85.13,217.64,52.61,50.71,86.41
2016-08-11,107.93,6.21,14.88,14.23,12.31,31.29,127.67,784.85,123.2,119.38,58.3,30.48,117.12,85.05,218.65,53.42,50.83,86.72
2016-08-12,108.18,6.2,14.91,14.25,12.33,31.24,127.4,783.22,123.76,119.52,57.94,30.62,117.2,85.11,218.46,53.86,50.9,87.85
2016-08-15,109.48,6.27,15.02,14.35,12.43,31.24,127.84,782.44,123.38,118.52,58.12,30.58,117.7,85.09,219.09,54.54,50.12,87.81
2016-08-16,109.38,6.28,15.17,14.23,12.34,31.19,128.47,777.14,123.16,117.94,57.44,30.55,117.05,85.06,217.96,53.79,49.53,87.92
2016-08-17,109.22,6.25,15.15,13.97,12.39,31.29,128.5,779.91,123.5,117.1,57.56,30.61,117.26,85.06,218.37,53.08,50.27,88.11
2016-08-18,109.08,6.15,15.16,13.97,12.33,31.43,129.11,777.5,123.8,117.13,57.6,30.68,117.29,85.12,218.86,53.05,50.89,88.91
2016-08-19,109.36,6.18,15.22,13.55,12.39,31.25,127.97,775.42,123.43,115.01,57.62,30.63,117.26,85.04,218.54,52.99,50.27,87.8
2016-08-22,108.51,6.1,15.18,13.51,12.36,31.32,127.78,772.15,123.85,115.42,57.67,30.59,117.35,85.05,218.53,53.48,50.4,87.99
2016-08-23,108.85,6.07,15.35,14.0,12.42,31.23,127.76,772.08,123.99,115.19,57.89,30.64,117.56,85.06,218.97,53.2,50.18,87.72
2016-08-24,108.03,6.07,15.4,14.19,12.3,31.22,126.34,769.64,123.91,114.87,57.95,30.51,116.8,85.04,217.85,51.63,50.16,88.02
2016-08-25,107.57,5.96,15.53,14.02,12.47,31.21,126.23,769.41,123.79,115.43,58.17,30.51,116.61,85.01,217.7,51.2,50.19,87.46
2016-08-26,106.94,5.86,15.79,13.98,12.38,31.23,126.05,769.54,123.4,114.44,58.03,30.51,116.78,84.93,217.29,51.55,49.15,87.27
2016-08-29,106.82,5.95,15.84,13.92,12.47,31.36,126.3,772.15,124.1,115.41,58.1,30.63,116.94,84.98,218.36,50.75,49.55,87.84
2016-08-30,106.0,5.93,16.19,14.39,12.55,31.37,125.03,769.09,123.94,115.36,57.89,30.63,116.56,84.99,218.0,50.56,49.03,87.52
2016-08-31,106.1,5.93,16.14,14.75,12.6,31.24,124.78,767.05,123.89,115.66,57.46,30.58,116.44,84.98,217.38,50.39,49.23,87.14
2016-09-01,106.73,6.09,15.98,14.69,12.44,31.2,125.29,768.78,123.57,115.4,57.59,30.48,116.74,84.97,217.39,50.9,48.98,86.84
2016-09-02,107.73,6.13,16.0,14.9,12.5,31.29,126.57,771.46,123.35,115.83,57.67,30.54,117.12,84.97,218.37,51.22,49.63,87.42
2016-09-06,107.7,6.25,15.78,14.46,12.67,31.05,128.71,780.08,123.78,117.25,57.61,30.76,117.85,85.03,219.03,51.33,50.17,88.57
2016-09-07,108.36,6.2,15.7,14.54,12.7,31.06,128.27,780.35,123.61,116.92,57.66,30.95,117.92,85.03,219.01,51.29,50.18,88.24
2016-09-08,105.52,6.24,15.86,14.79,12.73,31.04,127.59,775.32,122.74,116.17,57.43,30.79,117.23,84.97,218.51,51.04,50.35,89.05
2016-09-09,103.13,5.99,15.74,15.26,12.38,30.11,126.75,759.66,121.82,114.58,56.21,30.42,114.28,84.94,213.28,50.21,48.46,86.84
2016-09-12,105.44,6.08,15.9,15.11,12.7,30.49,126.59,769.02,121.83,115.95,57.05,30.37,116.33,84.97,216.34,51.56,49.32,87.29
2016-09-13,107.95,5.82,15.72,14.59,12.38,29.85,125.75,759.69,121.43,114.73,56.53,30.09,115.29,84.94,213.23,51.54,48.64,85.21
2016-09-14,111.77,5.88,15.63,14.52,12.14,29.7,126.18,762.49,121.51,115.18,56.26,30.08,115.84,84.99,213.15,51.95,48.83,84.6
2016-09-15,115.57,5.97,15.67,14.76,12.11,29.75,125.37,771.76,121.59,116.14,57.19,30.09,117.64,85.06,215.28,51.9,49.2,85.08
2016-09-16,114.92,5.9,15.49,13.38,12.11,29.68,125.06,768.88,121.73,115.28,57.25,29.9,117.29,85.02,213.37,51.74,49.26,84.03
2016-09-19,113.58,5.91,15.59,12.97,12.11,29.43,125.32,765.7,121.69,115.21,56.93,30.06,116.78,85.0,213.41,50.7,49.75,83.83
2016-09-20,113.57,5.95,15.6,12.42,12.0,29.67,125.44,771.41,121.85,116.45,56.81,30.06,117.0,84.98,213.42,50.36,49.66,82.54
2016-09-21,113.55,6.04,15.65,12.68,12.09,29.85,127.27,776.22,122.47,116.93,57.76,30.46,118.15,85.0,215.82,50.48,50.67,83.3
2016-09-22,114.62,6.09,15.6,13.0,12.18,30.04,127.57,787.21,122.97,117.36,57.82,30.69,119.09,84.98,217.18,51.23,50.98,83.54
2016-09-23,112.71,6.07,15.52,12.75,12.17,29.89,127.65,786.9,122.88,117.17,57.43,30.6,118.33,85.03,215.99,51.47,50.94,83.45
2016-09-26,112.88,6.01,15.09,11.85,12.01,29.54,127.55,774.21,123.07,116.53,56.9,30.54,117.34,85.08,214.24,50.27,50.81,83.06
2016-09-27,113.09,6.09,15.29,11.92,11.98,29.88,126.62,783.01,123.37,116.88,57.95,30.59,118.5,85.09,215.57,49.47,50.15,83.24
2016-09-28,113.95,6.15,15.38,12.3,12.09,29.9,126.22,781.56,123.45,115.18,58.03,30.65,118.7,85.08,216.64,48.68,50.08,86.9
2016-09-29,112.18,6.03,15.16,11.48,11.97,29.53,126.07,775.01,123.4,114.79,57.4,30.56,117.84,85.11,214.68,46.29,49.33,86.46
2016-09-30,113.05,6.09,15.65,13.09,12.07,29.62,125.64,777.29,123.18,115.36,57.6,30.63,118.72,85.04,216.3,46.01,48.99,87.28
2016-10-03,112.52,6.13,15.63,12.98,12.1,29.64,125.32,772.56,122.51,114.64,57.42,30.76,118.55,84.98,215.78,45.68,48.3,87.05
2016-10-04,113.0,5.96,15.8,13.33,12.2,29.5,120.97,776.43,121.94,113.5,57.24,30.57,118.37,84.91,214.68,45.26,47.29,86.25
2016-10-05,113.05,6.07,16.11,13.59,12.48,29.5,120.78,776.47,121.81,113.41,57.64,30.49,118.79,84.86,215.63,45.19,47.19,87.0
2016-10-06,113.89,6.08,16.22,13.53,12.39,29.27,119.66,776.86,121.82,113.92,57.74,30.41,118.73,84.86,215.78,45.4,47.18,87.04
2016-10-07,114.06,6.06,16.13,13.64,12.29,29.08,119.74,775.08,122.11,113.45,57.8,30.39,118.47,84.89,215.04,45.06,47.12,86.74
2016-10-10,116.05,6.1,16.3,13.9,12.12,28.86,120.16,785.94,122.11,114.71,58.04,30.47,119.22,84.85,216.16,45.04,47.51,88.44
2016-10-11,116.3,6.04,16.11,13.62,11.99,28.92,119.55,783.07,121.73,113.68,57.19,30.25,117.52,84.84,213.43,44.56,46.97,87.74
2016-10-12,117.34,5.99,16.03,13.6,11.96,28.9,119.74,786.14,121.89,114.71,57.11,30.1,117.42,84.84,213.71,44.12,47.43,87.13
2016-10-13,116.98,6.02,15.83,13.36,11.91,28.77,120.03,778.19,122.19,115.41,56.92,30.19,117.0,84.87,213.01,44.28,48.02,86.56
2016-10-14,117.63,6.09,16.0,13.43,11.91,28.89,119.36,778.53,121.62,114.09,57.42,29.92,117.14,84.85,213.12,42.96,47.75,86.54
2016-10-17,117.55,6.08,16.05,13.39,11.88,28.85,119.68,779.96,122.02,112.41,57.22,29.92,116.82,84.92,212.38,41.79,48.01,86.54
2016-10-18,117.47,6.12,16.26,13.72,11.89,28.98,120.42,795.26,122.32,111.25,57.66,29.99,117.86,84.95,213.71,43.26,48.42,86.77
2016-10-19,117.12,6.2,16.47,13.86,12.01,29.06,121.11,801.56,122.48,111.26,57.53,29.99,117.85,84.95,214.28,43.34,48.31,87.17
2016-10-20,117.06,6.23,16.56,14.37,11.97,29.07,120.74,796.97,122.44,110.57,57.25,30.07,117.71,84.91,213.88,44.21,48.28,87.21
2016-10-21,116.6,6.26,16.67,14.31,12.02,28.98,120.83,799.37,122.51,113.93,59.66,30.14,118.15,84.93,213.98,44.0,48.0,86.62
2016-10-24,117.65,6.26,16.77,14.48,12.19,28.92,120.56,813.11,122.16,113.57,61.0,30.17,119.57,84.9,214.89,43.5,48.18,86.91
2016-10-25,118.25,6.23,16.72,14.27,11.85,28.65,121.47,807.67,122.07,112.72,60.99,30.17,119.19,84.9,214.17,43.85,48.48,86.72
2016-10-26,115.59,6.22,16.87,14.56,11.88,28.87,120.79,799.07,121.56,112.11,60.63,29.98,118.38,84.87,213.74,43.36,48.6,87.09
2016-10-27,114.48,6.16,16.91,14.49,11.74,28.63,121.01,795.35,121.01,112.08,60.1,29.74,117.84,84.89,213.17,43.15,48.31,86.92
2016-10-28,113.72,5.93,16.68,14.62,11.72,29.22,121.58,795.37,120.87,112.1,59.87,29.66,117.1,84.89,212.54,42.32,48.46,84.78
2016-10-31,113.54,5.9,16.5,14.39,11.74,29.1,121.94,784.54,120.98,112.57,59.92,29.68,116.99,84.95,212.55,42.74,49.43,83.32
2016-11-01,111.49,5.63,16.61,13.93,11.61,28.88,122.73,783.61,120.51,112.25,59.8,29.64,116.11,84.9,211.01,43.12,48.53,83.65
2016-11-02,111.59,5.55,16.48,13.6,11.4,28.49,123.64,768.7,120.69,112.39,59.43,29.64,115.18,84.95,209.74,43.33,47.92,83.45
2016-11-03,109.83,5.47,16.48,13.57,11.35,28.28,124.3,762.13,120.45,111.72,59.21,29.71,114.05,84.96,208.78,39.2,48.1,83.66
2016-11-04,108.84,5.43,16.55,13.45,11.34,28.44,124.39,762.02,120.81,111.04,58.71,29.64,113.65,84.99,208.55,40.24,47.95,83.57
2016-11-07,110.41,5.57,17.01,14.22,11.58,29.31,122.15,782.52,120.73,112.82,60.42,29.83,116.35,84.96,213.15,40.78,48.79,85.45
2016-11-08,111.06,5.66,17.0,14.24,11.48,29.42,121.64,790.51,120.46,114.11,60.47,29.94,117.11,84.87,214.11,38.77,49.17,85.31
2016-11-09,110.88,5.48,17.97,14.76,11.58,29.63,121.56,785.31,118.69,114.98,60.17,29.43,117.65,84.76,216.38,39.97,47.36,86.25
2016-11-10,107.79,5.31,18.76,15.73,11.94,30.41,119.75,762.56,118.59,114.51,58.7,28.24,115.75,84.73,216.92,40.06,46.22,87.05
2016-11-11,108.43,5.12,19.02,16.19,12.28,30.71,117.1,754.02,118.08,114.22,59.02,28.07,115.8,84.73,216.42,40.65,46.03,85.67
2016-11-14,105.71,5.01,20.08,16.64,12.06,30.51,116.11,736.08,117.47,117.86,58.12,27.9,114.63,84.6,216.59,41.03,46.0,85.28
2016-11-15,107.11,5.16,20.16,16.55,12.04,30.75,117.12,758.49,117.83,118.32,58.87,28.23,116.22,84.63,218.28,37.6,46.74,86.82
2016-11-16,109.99,5.17,19.75,16.07,12.0,30.74,116.77,764.48,118.0,119.21,59.65,28.23,116.91,84.62,217.87,38.07,46.42,85.75
2016-11-17,109.95,5.1,20.08,16.09,11.87,30.79,116.17,771.23,117.25,119.45,60.64,28.12,117.76,84.61,218.99,38.89,46.43,85.23
2016-11-18,110.06,5.06,20.0,15.91,11.76,30.67,115.15,760.54,116.59,120.0,60.35,27.94,117.32,84.56,218.5,38.56,46.29,85.28
2016-11-21,111.73,5.18,20.33,16.03,11.79,30.87,115.58,769.2,116.71,119.5,60.86,28.08,118.54,84.55,220.15,38.8,46.78,86.49
2016-11-22,111.8,5.06,20.3,15.92,11.89,31.18,115.54,768.27,117.01,119.69,61.12,28.2,118.9,84.53,220.58,37.83,46.96,86.68
2016-11-23,111.23,5.17,20.56,15.79,11.9,31.34,113.25,760.99,116.58,120.14,60.4,27.97,118.42,84.48,220.7,38.11,46.49,86.92
2016-11-25,111.79,4.96,20.86,15.75,12.04,31.44,112.61,761.68,116.59,120.66,60.53,27.99,118.8,84.47,221.52,38.21,47.16,87.12
2016-11-28,111.57,5.11,20.3,15.11,11.92,31.25,113.8,768.24,117.12,121.82,60.61,28.07,118.53,84.52,220.48,38.15,48.07,86.47
2016-11-29,111.46,4.99,20.29,15.54,11.92,31.05,113.27,770.84,117.28,120.68,61.09,28.05,118.94,84.53,220.91,37.86,48.27,85.9
2016-11-30,110.52,4.99,21.12,15.8,11.96,30.76,111.75,758.04,116.84,119.27,60.26,27.95,117.5,84.5,220.38,37.7,46.75,87.3
2016-12-01,109.49,4.76,21.5,16.06,12.43,31.39,111.54,747.92,115.87,118.47,59.2,27.76,115.47,84.41,219.57,36.57,46.38,87.24
2016-12-02,109.9,4.78,21.23,15.74,12.24,31.34,112.14,750.5,116.4,118.24,59.25,27.79,115.7,84.5,219.68,36.53,46.8,87.04
2016-12-05,109.11,4.82,21.84,16.66,12.44,31.11,111.54,762.52,116.65,119.29,60.22,27.91,116.6,84.5,221.0,37.04,46.86,87.48
2016-12-06,109.95,4.85,22.16,18.29,12.56,31.17,111.43,759.11,116.64,119.25,59.95,28.08,116.88,84.48,221.7,35.03,46.77,87.56
2016-12-07,111.03,4.91,22.57,18.67,13.06,31.6,111.83,771.19,117.13,119.92,61.37,28.25,118.36,84.51,224.6,35.27,47.38,88.07
2016-12-08,112.12,4.85,22.95,19.04,13.03,31.53,111.57,776.42,116.65,120.45,61.01,28.2,118.57,84.5,225.15,35.91,47.46,88.32
2016-12-09,113.95,4.89,23.09,18.28,13.17,31.78,110.4,789.29,116.2,121.26,61.97,28.12,119.5,84.49,226.51,36.3,47.96,89.0
2016-12-12,113.3,4.82,22.61,18.31,12.82,31.86,110.82,789.27,116.09,121.74,62.17,28.14,118.96,84.46,226.25,37.25,48.46,90.98
2016-12-13,115.19,4.88,22.61,18.66,12.77,31.74,110.45,796.1,116.35,122.68,62.98,28.28,120.46,84.45,227.76,37.66,48.96,92.58
2016-12-14,115.19,4.78,22.67,18.67,12.53,31.5,108.83,797.07,115.61,122.84,62.68,28.14,120.21,84.29,225.88,37.0,47.95,90.58
2016-12-15,115.82,4.81,23.16,18.94,12.58,31.26,107.34,797.85,115.69,122.36,62.58,27.86,120.4,84.25,226.81,36.73,48.29,90.89
2016-12-16,115.97,4.91,22.66,19.01,12.63,31.75,108.05,790.8,115.6,123.24,62.3,27.95,119.6,84.29,225.04,36.51,48.41,91.18
2016-12-19,116.64,4.84,22.48,18.26,12.66,31.92,108.59,794.2,116.16,122.99,63.62,28.04,120.09,84.33,225.53,36.57,48.59,90.42
2016-12-20,116.95,4.83,22.71,19.01,12.78,32.25,107.79,796.42,116.09,123.33,63.54,28.08,120.55,84.34,226.4,36.25,48.65,90.43
2016-12-21,117.06,4.84,22.63,18.71,12.64,32.13,107.85,794.56,116.46,123.18,63.54,28.16,120.46,84.38,225.77,36.37,48.45,90.28
2016-12-22,116.29,4.77,22.54,18.54,12.4,31.82,107.59,791.26,116.15,123.72,63.55,28.14,120.12,84.34,225.38,36.91,48.62,90.87
2016-12-23,116.52,4.86,22.6,18.63,12.46,31.88,107.93,789.91,116.33,123.14,63.24,28.19,120.2,84.34,225.71,36.82,48.61,90.71
2016-12-27,117.26,4.89,22.61,18.37,12.39,31.9,108.56,791.55,116.12,123.07,63.28,28.2,120.82,84.3,226.27,36.34,48.65,90.75
2016-12-28,116.76,4.91,22.33,17.92,12.25,31.7,108.86,785.05,116.55,122.68,62.99,28.21,119.88,84.33,224.4,35.93,48.19,90.3
2016-12-29,116.73,4.95,22.0,17.82,12.23,31.71,110.29,782.79,117.0,122.79,62.9,28.27,119.71,84.42,224.35,36.08,48.84,90.35
2016-12-30,115.82,4.91,22.1,18.1,12.13,31.6,109.61,771.82,117.18,121.72,62.14,28.26,118.48,84.45,223.53,36.25,48.57,90.26
